Date,Open,High,Low,Close,Volume,Dividends,Stock Splits
2018-02-23,107451.54760742188,110917.7265625,107451.54760742188,110917.7265625,309916,0.0,0
2018-02-26,110917.72549019607,111784.27022058822,108318.0912990196,110484.453125,189146,0.0,0
2018-02-27,109184.64214939026,110051.18692835367,106585.00781250001,106585.0078125,267401,0.0,0
2018-02-28,106585.00462962964,107018.27700617285,105285.18750000001,105285.1875,274305,0.0,0
2018-03-02,104418.63955078126,104851.9119140625,103118.8224609375,103985.3671875,180757,0.0,0
2018-03-05,103552.09694602272,105285.18643465909,103118.82457386363,104851.9140625,123072,0.0,0
2018-03-06,104851.91082635983,105285.18318514645,103118.8213912134,103552.09375,166264,0.0,0
2018-03-07,103118.82600635593,103552.09838453389,101385.73649364406,102252.28125,226535,0.0,0
2018-03-08,102252.2756039916,103118.8203125,101385.7308954832,103118.8203125,232268,0.0,0
2018-03-09,103118.82352178423,105285.18536047717,102685.55115404565,104418.640625,182372,0.0,0
2018-03-12,104851.9140625,105718.45880681818,103985.36931818182,104851.9140625,223441,0.0,0
2018-03-13,103985.37076271186,103985.37076271186,100519.19173728813,102252.28125,502928,0.0,0
2018-03-14,101385.73543882978,102685.55255984042,100952.46306515958,101819.0078125,138875,0.0,0
2018-03-15,101385.74114806869,101385.74114806869,100085.92395386267,100952.46875,242652,0.0,0
2018-03-16,101385.72982594935,103118.81922468354,100952.45747626582,102685.546875,237154,0.0,0
2018-03-19,102685.55255984042,103552.09730718085,100952.46306515958,101819.0078125,127925,0.0,0
2018-03-20,100952.46200587608,102252.27911324787,100519.18963675214,101385.734375,137433,0.0,0
2018-03-21,100952.4641154661,103118.82600635593,100519.19173728813,102252.28125,168278,0.0,0
2018-03-22,101819.0078125,103552.09730718085,101385.73543882978,101819.0078125,198480,0.0,0
2018-03-23,100952.45767663044,101385.73002717391,98352.82357336956,99652.640625,298850,0.0,0
2018-03-26,99652.64523678414,99652.64523678414,97919.55575440529,98352.828125,143259,0.0,0
2018-03-27,99219.37393777411,100085.91868832236,98352.82918722587,98786.1015625,196936,0.0,0
2018-03-28,97919.55575440529,99219.37286618943,97486.28338381057,98352.828125,128820,0.0,0
2018-03-29,97919.55228625542,100519.18641774892,97486.2799310065,100085.9140625,272415,0.0,0
2018-03-30,100952.46770608836,101385.74009967672,100085.92291891163,100519.1953125,125217,0.0,0
2018-04-02,101385.7308954832,104418.63737526261,101385.7308954832,103118.8203125,423187,0.0,0
2018-04-03,102685.5479582458,103552.09266675421,101819.0032497374,103118.8203125,189585,0.0,0
2018-04-04,102685.54819399351,102685.54819399351,98786.09699675324,100085.9140625,278254,0.0,0
2018-04-05,100952.46234856828,100952.46234856828,97486.28338381057,98352.828125,328074,0.0,0
2018-04-06,98786.09699675324,100085.9140625,97919.55228625542,100085.9140625,190298,0.0,0
2018-04-09,98786.09484170306,99652.63953329696,97919.55015010918,99219.3671875,155266,0.0,0
2018-04-10,99652.64631304823,99652.64631304823,98352.82918722587,98786.1015625,203363,0.0,0
2018-04-11,98352.82249590612,100085.9118790939,97919.55015010918,99219.3671875,188103,0.0,0
2018-04-12,99219.37286618943,99652.64523678414,98352.828125,98352.828125,259276,0.0,0
2018-04-13,98352.82249590612,99219.3671875,97919.55015010918,99219.3671875,142080,0.0,0
2018-04-16,99219.3671875,99652.63953329696,98352.82249590612,99219.3671875,117717,0.0,0
2018-04-17,98786.10049559471,99219.37286618943,97919.55575440529,98352.828125,171408,0.0,0
2018-04-18,97919.5625,99652.65210176991,97053.01769911505,97919.5625,386386,0.0,0
2018-04-19,97053.01244343891,97486.28482041856,95319.92293552037,95753.1953125,451298,0.0,0
2018-04-20,96186.46980100896,97053.01457399102,95753.19741451793,96619.7421875,275899,0.0,0
2018-04-23,97053.00545851528,99652.63953329696,96186.4607669214,99219.3671875,349647,0.0,0
2018-04-24,99652.64594414894,102252.28018617022,99219.37357047873,101819.0078125,457997,0.0,0
2018-04-25,101819.00674412394,102252.27911324787,99652.64489850428,101385.734375,172923,0.0,0
2018-04-26,101819.0032497374,103985.36502100842,100952.458541229,103118.8203125,351272,0.0,0
2018-04-27,102685.55834227469,103552.10313841203,100085.92395386267,100952.46875,212599,0.0,0
2018-04-30,101385.734375,101819.00674412394,100085.91726762822,101385.734375,111990,0.0,0
2018-05-02,100952.45657068778,100952.45657068778,98786.09484170306,99219.3671875,204801,0.0,0
2018-05-03,98786.10049559471,99652.64523678414,97919.55575440529,98352.828125,139961,0.0,0
2018-05-04,97919.56145833334,99219.37864583333,97053.01666666666,97486.2890625,169007,0.0,0
2018-05-08,97053.01666666666,97919.56145833334,97053.01666666666,97486.2890625,170627,0.0,0
2018-05-09,97053.0078125,98352.82488141741,96619.73545619419,97053.0078125,139101,0.0,0
2018-05-10,97053.0078125,98786.09723772321,97053.0078125,97053.0078125,221126,0.0,0
2018-05-11,97486.27780431224,100085.9118790939,97486.27780431224,99219.3671875,265701,0.0,0
2018-05-14,98352.82249590612,100519.18422489084,98352.82249590612,99219.3671875,194643,0.0,0
2018-05-15,98786.10625,99219.37864583333,97053.01666666666,97486.2890625,178306,0.0,0
2018-05-16,97486.29009955752,98786.10730088495,96619.74529867257,97919.5625,177642,0.0,0
2018-05-17,97486.2801688058,97919.5525251116,96619.73545619419,97053.0078125,207402,0.0,0
2018-05-18,96619.73545619419,97053.0078125,95753.19074358259,97053.0078125,205619,0.0,0
2018-05-21,97053.00563063064,97053.00563063064,95753.18859093469,96186.4609375,140020,0.0,0
2018-05-23,95319.92293552037,95753.1953125,94886.65055854073,95753.1953125,179784,0.0,0
2018-05-24,95319.91071428571,95753.18303571429,92720.27678571429,94020.09375,302075,0.0,0
2018-05-25,93586.83382009345,94020.10619889018,91853.74430490653,92720.2890625,325777,0.0,0
2018-05-28,92720.28692511794,93153.5592939269,90987.19744988208,91853.7421875,243235,0.0,0
2018-05-29,91853.7510269953,93153.56825850939,91420.47861649061,92287.0234375,142235,0.0,0
2018-05-30,91420.47296511628,94886.65203488371,88387.56627906975,93153.5625,765692,0.0,0
2018-05-31,92287.02408222087,92287.02408222087,88820.84477396845,89254.1171875,793402,0.0,0
2018-06-01,89254.10045731708,90120.64512195122,88387.55579268292,88820.828125,302214,0.0,0
2018-06-04,89254.1171875,90553.93442809467,88820.84477396845,89254.1171875,215713,0.0,0
2018-06-05,89254.10265700484,90553.91968599035,89254.10265700484,89687.375,187418,0.0,0
2018-06-07,90120.6505952381,91853.7400297619,90120.6505952381,90987.1953125,243102,0.0,0
2018-06-08,91420.4665819378,91853.7389354067,90120.6495215311,90553.921875,213047,0.0,0
2018-06-11,90120.64734299517,90987.19202898552,88820.83031400967,89687.375,420428,0.0,0
2018-06-12,90120.65271226416,91853.7421875,89254.10797464623,91853.7421875,325621,0.0,0
2018-06-14,91853.74579326923,92287.01817908655,89687.3838641827,90120.65625,445037,0.0,0
2018-06-15,90120.65671641791,90120.65671641791,86567.82313432836,87087.75,618271,0.0,0
2018-06-18,87087.74540441176,89254.10723039215,86481.16409313725,88387.5625,373860,0.0,0
2018-06-19,88387.5625,89687.37959558822,87087.74540441176,88387.5625,232283,0.0,0
2018-06-20,87521.0223880597,89254.1119402985,86654.4776119403,87087.75,266418,0.0,0
2018-06-21,86654.4708375506,87087.74319173835,85008.03589163715,85614.6171875,271182,0.0,0
2018-06-22,84921.3880597015,88387.5671641791,84921.3880597015,87087.75,296452,0.0,0
2018-06-25,87087.74109375001,87954.28578125,85961.23300000001,86654.46875,130767,0.0,0
2018-06-26,86134.5539516533,87087.75324085672,85441.31810495992,86481.171875,196109,0.0,0
2018-06-27,85961.24041372351,86307.85831861757,85354.65908015893,85874.5859375,174554,0.0,0
2018-06-28,86134.5533482143,86134.5533482143,84488.11822385204,84921.390625,189386,0.0,0
2018-06-29,85181.34552845528,85354.65447154471,83621.5650406504,85268.0,199789,0.0,0
2018-07-02,84921.38712735356,85094.6960806747,82495.06178085775,82841.6796875,352029,0.0,0
2018-07-03,83188.29968944099,83881.53552018634,82668.37281638199,83708.2265625,173388,0.0,0
2018-07-04,83014.98544587228,84141.49359910437,82755.02202589564,83448.2578125,103656,0.0,0
2018-07-05,83448.2631259705,85094.69822399068,83014.99073175466,83708.2265625,178694,0.0,0
2018-07-06,83708.22615551583,85527.97020237487,83708.22615551583,84834.734375,252505,0.0,0
2018-07-09,84488.10378331218,86134.53862626903,83621.55912912436,85354.6484375,187386,0.0,0
2018-07-10,85354.66124553116,85874.58811606231,84574.77093973442,84834.734375,188887,0.0,0
2018-07-11,83794.86718749999,84574.7573681489,83448.2493294338,83794.8671875,209185,0.0,0
2018-07-12,83968.1899990295,84488.1168720885,83361.60864712733,83708.2265625,269930,0.0,0
2018-07-13,83621.5596079901,84401.44980122524,82841.66941475496,83101.6328125,267163,0.0,0
2018-07-16,82841.6764992212,83794.87570580219,82755.02202589564,83448.2578125,168957,0.0,0
2018-07-17,83101.63814806392,83968.18286285084,83014.98367658524,83361.6015625,107999,0.0,0
2018-07-18,83621.5582584669,85441.30201331437,83621.5582584669,83794.8671875,192845,0.0,0
2018-07-19,83881.53160994765,83968.18608475132,82321.75106348167,82755.0234375,218127,0.0,0
2018-07-20,82755.02412801901,84574.76811408016,82061.78832380523,84314.8046875,199077,0.0,0
2018-07-23,84314.80502959521,85701.27664364816,84141.49607783859,85094.6953125,181199,0.0,0
2018-07-24,85614.62145030426,85787.93040060851,84401.45879817444,85441.3125,145398,0.0,0
2018-07-25,85268.00571098561,86134.55048447124,83448.2616866658,84401.4609375,150965,0.0,0
2018-07-26,84834.7315654574,84834.7315654574,82321.75177444794,82408.40625,319499,0.0,0
2018-07-27,82841.68145898642,83101.64489452717,82148.44563087774,82928.3359375,186475,0.0,0
2018-07-30,82755.0167236328,83448.2524658203,82755.0167236328,83188.2890625,148128,0.0,0
2018-07-31,83448.2578125,83708.22123247664,82841.6764992212,83448.2578125,141838,0.0,0
2018-08-01,83708.2265625,84141.49895671583,83274.95416828417,83708.2265625,107817,0.0,0
2018-08-02,83448.25923592932,83708.22266034031,82668.36896269633,82755.0234375,104767,0.0,0
2018-08-03,82755.02593224791,82841.68040966387,82235.0990677521,82495.0625,150181,0.0,0
2018-08-06,82321.75139452332,85961.23935091277,82321.75139452332,85441.3125,384565,0.0,0
2018-08-07,84921.38211382114,85441.30894308942,84314.80081300813,85268.0,127913,0.0,0
2018-08-08,84574.77093973442,85094.69781026557,84574.77093973442,84834.734375,98287,0.0,0
2018-08-09,84748.07884689425,85181.35123363706,84228.15198280287,84401.4609375,208831,0.0,0
2018-08-10,84228.15270618556,85094.6974871134,83794.88031572165,84054.84375,210740,0.0,0
2018-08-13,83881.52832446809,83881.52832446809,80761.9673537234,81455.203125,441982,0.0,0
2018-08-14,81715.16724258814,81715.16724258814,80848.62252103366,81108.5859375,130791,0.0,0
2018-08-16,80502.00638661203,80935.27875683061,78768.91690573771,79288.84375,296281,0.0,0
2018-08-17,79028.87747524751,79288.84088799504,78422.29617883662,78768.9140625,154206,0.0,0
2018-08-20,79202.18532217921,79462.14873133297,77989.02274612832,78335.640625,197334,0.0,0
2018-08-21,78422.29798149141,80935.27769581546,77989.0256169528,80761.96875,295950,0.0,0
2018-08-22,80155.38674379006,81195.24040965545,80155.38674379006,81108.5859375,176028,0.0,0
2018-08-23,80935.27803658869,81021.93250986126,79288.84304440969,79635.4609375,234158,0.0,0
2018-08-24,79115.53480191257,80675.31533469947,78768.91690573771,79288.84375,167063,0.0,0
2018-08-27,79288.84058093817,79982.07634558025,79028.8771691974,79895.421875,163088,0.0,0
2018-08-28,79808.76494087838,80848.61855574325,79462.14706925675,80155.3828125,211750,0.0,0
2018-08-29,80155.39134602335,80675.31820880836,79635.46448323832,79808.7734375,107676,0.0,0
2018-08-30,79895.42791463084,80328.70030028501,79462.15552897665,79808.7734375,122523,0.0,0
2018-08-31,79635.45600506756,80242.0372804054,79115.52919763513,80155.3828125,161126,0.0,0
2018-09-03,79722.12425595238,80242.05115327382,79375.50632440476,80068.7421875,87976,0.0,0
2018-09-04,79722.11896036916,80068.7368688925,79288.84657471497,79808.7734375,114652,0.0,0
2018-09-05,79462.14982982673,79722.11324257425,78682.25959158415,78768.9140625,172011,0.0,0
2018-09-06,78855.56117238561,79982.06918913398,78855.56117238561,79548.796875,185541,0.0,0
2018-09-07,79895.42824260752,80588.6640625,79288.8469002016,80588.6640625,209212,0.0,0
2018-09-10,80155.38459267009,80328.69353232991,78942.22201505129,80242.0390625,155896,0.0,0
2018-09-11,79722.1171875,80242.04403872283,79375.49928668479,79722.1171875,134993,0.0,0
2018-09-12,79808.77237991267,79808.77237991267,78768.91866812228,79375.5,186091,0.0,0
2018-09-13,79635.4634279476,80502.00818777292,79288.84552401747,79375.5,365978,0.0,0
2018-09-14,79548.8082370924,80328.69851392663,79288.84481148097,79722.1171875,233894,0.0,0
2018-09-17,79375.49714972527,79375.49714972527,78855.5703125,78855.5703125,142219,0.0,0
2018-09-18,78508.95418839189,79288.8444617865,78508.95418839189,78942.2265625,120359,0.0,0
2018-09-19,78682.25850387168,78768.91297358961,77989.02274612832,78335.640625,256916,0.0,0
2018-09-20,78075.67692714013,79462.1484375,78075.67692714013,79462.1484375,261900,0.0,0
2018-09-21,80242.03715820312,83708.21586914062,80242.03715820312,83188.2890625,670255,0.0,0
2018-09-27,82321.74438476561,84141.48820800781,82321.74438476561,83188.2890625,300342,0.0,0
2018-09-28,83188.29650565262,84401.45916302671,82928.33307907244,84314.8046875,205720,0.0,0
2018-10-01,84314.80685809052,84488.11581360562,83014.98969172736,83274.953125,149856,0.0,0
2018-10-02,83101.6441694849,84228.15238033298,82668.37178069718,83274.953125,211067,0.0,0
2018-10-04,83794.88709520725,84054.85055051814,82841.68775906735,83621.578125,317806,0.0,0
2018-10-05,83621.56181469298,85094.68777412281,83188.28947368421,83968.1796875,343248,0.0,0
2018-10-08,84054.84019886363,84748.07599431818,81975.1328125,81975.1328125,187007,0.0,0
2018-10-10,81975.13635614452,82495.06322521096,79982.08335805644,82148.4453125,201984,0.0,0
2018-10-11,80155.38559715346,82061.78395730197,78768.9140625,78768.9140625,337633,0.0,0
2018-10-12,78768.9111814784,79115.529052464,77642.40310077519,78248.984375,278386,0.0,0
2018-10-15,78248.9897040563,78768.9165459437,77902.37180946468,78508.953125,121235,0.0,0
2018-10-16,78855.5770890884,79202.19501035912,78162.34124654696,78422.3046875,154266,0.0,0
2018-10-17,79548.81040060573,80068.73726596916,78335.64771475771,78682.265625,176653,0.0,0
2018-10-18,78682.26313803514,79288.8444617865,78335.64523874864,78942.2265625,156134,0.0,0
2018-10-19,78855.57208767837,79202.18998696488,78248.99076392701,78942.2265625,138863,0.0,0
2018-10-22,78595.60374352508,79722.11184569247,78335.6403353326,79462.1484375,129576,0.0,0
2018-10-23,79028.88103732163,80242.04368482437,78248.99076392701,78942.2265625,221143,0.0,0
2018-10-24,79462.15165638413,81541.85900616953,78682.2614002146,80761.96875,299071,0.0,0
2018-10-25,80155.38636899946,80761.96767125136,78855.56929274542,80328.6953125,286322,0.0,0
2018-10-26,79722.11896036916,82061.78984290174,78855.5741890608,79808.7734375,246767,0.0,0
2018-10-29,79982.07665532177,80848.62136448019,78508.95064975247,78768.9140625,252240,0.0,0
2018-10-30,78682.25850387168,79202.18532217921,78075.67721584624,78335.640625,207504,0.0,0
2018-10-31,78162.33663383152,79722.1171875,77729.0642578125,79722.1171875,244759,0.0,0
2018-11-01,79115.53551214325,79548.80788625138,78682.26313803514,78942.2265625,144728,0.0,0
2018-11-02,78682.25821292258,79548.80290689749,78682.25821292258,79462.1484375,217379,0.0,0
2018-11-05,78768.91583962912,79288.84267685439,78075.68005666208,78855.5703125,147217,0.0,0
2018-11-06,79288.84552401747,79375.5,78682.26419213974,79375.5,152050,0.0,0
2018-11-07,78942.22515131938,79895.42435731774,78942.22515131938,79635.4609375,172504,0.0,0
2018-11-08,79895.4332217262,81455.21391369049,79895.4332217262,80068.7421875,294065,0.0,0
2018-11-09,80068.73259750812,80675.313905065,79375.49681744311,79982.078125,180044,0.0,0
2018-11-12,79808.76954801503,81195.24111453863,79808.76954801503,80761.96875,153045,0.0,0
2018-11-13,80502.00068412162,80502.00068412162,78855.56579391891,80155.3828125,142484,0.0,0
2018-11-14,80068.72972328245,80155.38419267994,79028.87609051254,79462.1484375,110697,0.0,0
2018-11-15,78942.22162111505,79635.45737629499,78508.94927412759,79462.1484375,106429,0.0,0
2018-11-16,79115.54409281975,79462.16202969957,78335.65373484013,78595.6171875,211659,0.0,0
2018-11-19,78335.64771475771,79722.11935572687,78162.33875963655,78682.265625,212461,0.0,0
2018-11-20,78682.27167171997,79028.88960859978,78162.34476640023,78595.6171875,169179,0.0,0
2018-11-21,78422.29578993055,78422.29578993055,77642.40555555555,77989.0234375,221319,0.0,0
2018-11-22,77902.3736239861,77902.3736239861,74262.88564600232,74782.8125,577166,0.0,0
2018-11-23,74869.46010638298,75042.76904181442,72703.09841348995,73309.6796875,340628,0.0,0
2018-11-26,73656.30326704546,74349.5390625,72963.06747159091,74349.5390625,189769,0.0,0
2018-11-27,74349.5436416185,75302.74291907514,74089.58020231215,74956.125,161443,0.0,0
2018-11-28,75216.08698453607,75909.32280927834,74176.23324742267,75649.359375,163259,0.0,0
2018-11-29,76082.63634588067,76689.2177290483,75909.32737926136,76255.9453125,249184,0.0,0
2018-11-30,76255.9421965318,76429.25115606937,74349.5436416185,74956.125,382593,0.0,0
2018-12-03,75476.04864893922,76082.62998136468,75042.77626863532,75562.703125,219350,0.0,0
2018-12-04,75476.05365906467,75909.32606812932,74696.16332274827,75042.78125,173570,0.0,0
2018-12-05,74522.84907300117,75389.39382966397,74002.92221900348,74782.8125,223898,0.0,0
2018-12-06,74782.81721698113,75042.78066037736,72963.07311320755,73483.0,260931,0.0,0
2018-12-07,73656.30043280516,74349.5362015845,73136.37360622066,73829.609375,184139,0.0,0
2018-12-10,73482.98903508772,74349.53371710527,73223.02563048246,74089.5703125,208762,0.0,0
2018-12-11,73656.30363380924,74176.23048298906,71056.6693879101,71316.6328125,441394,0.0,0
2018-12-12,70883.35418533454,72876.40693137694,70883.35418533454,72529.7890625,271171,0.0,0
2018-12-13,72703.10687908255,73742.96061275237,72703.10687908255,72963.0703125,454374,0.0,0
2018-12-14,72963.07281734208,74696.1624329559,72616.4548942193,72703.109375,265184,0.0,0
2018-12-17,72963.0703125,73829.6150905582,72963.0703125,72963.0703125,171215,0.0,0
2018-12-18,72876.41228608631,73656.30254836309,72356.48544456845,72789.7578125,172452,0.0,0
2018-12-19,73136.37075206856,73482.98862293144,72616.44394577423,73309.6796875,203553,0.0,0
2018-12-20,72963.06139859618,73309.67926747313,72096.51672640383,72529.7890625,251308,0.0,0
2018-12-21,72616.44886532737,72963.06675967261,72183.17649739583,72789.7578125,253655,0.0,0
2018-12-24,72963.07311320755,73656.30896226416,72269.83726415095,73483.0,150686,0.0,0
2018-12-26,72963.06675967261,73223.03018043154,72356.48544456845,72789.7578125,198558,0.0,0
2018-12-27,74176.6583684816,74176.6583684816,72834.49929064418,72923.9765625,273820,2650.0,0
2018-12-28,72923.97585401348,73371.36220894608,72745.02131204045,73013.453125,149932,0.0,0
2019-01-02,73102.92386947385,73371.35565846824,71313.3786095112,71850.2421875,221030,0.0,0
2019-01-03,72208.15695758375,72387.11149775125,71402.86152683002,72118.6796875,159465,0.0,0
2019-01-04,72118.68111579755,73550.31746549079,71581.81748466258,72923.9765625,193345,0.0,0
2019-01-07,73460.83091722766,73818.73995945533,72834.49009332925,73102.921875,152145,0.0,0
2019-01-08,73550.31746549079,73729.27200920245,72387.11293136503,72923.9765625,149000,0.0,0
2019-01-09,72566.06257603406,73550.3125,72566.06257603406,73550.3125,145701,0.0,0
2019-01-10,73192.40336004933,73281.88062577066,72208.15343711467,72566.0625,311628,0.0,0
2019-01-11,72655.53707627118,73908.21875,72655.53707627118,73908.21875,211882,0.0,0
2019-01-14,73729.26703163017,73997.69882907542,73192.40343673965,73550.3125,127048,0.0,0
2019-01-15,73818.75211021908,74892.47941364045,73371.36573379351,74534.5703125,225666,0.0,0
2019-01-16,73908.2244420989,74802.99713510253,73639.79263419782,74176.65625,174318,0.0,0
2019-01-17,74624.04059938525,76592.54047131148,74445.08606557378,76413.5859375,383196,0.0,0
2019-01-18,76682.02414938668,76771.50142377336,75787.25140551986,76592.546875,154126,0.0,0
2019-01-21,76592.54047131148,76682.01773821721,75608.29053534837,76413.5859375,173378,0.0,0
2019-01-22,76592.53446327682,79545.28403954802,76592.53446327682,79187.375,633907,0.0,0
2019-01-23,79187.38221021475,81424.31391106828,79097.90494218061,81245.359375,490020,0.0,0
2019-01-24,80171.6349726776,82050.65766734973,80171.6349726776,81871.703125,301733,0.0,0
2019-01-25,81245.35527027027,83124.37780405405,81245.35527027027,82766.46875,461950,0.0,0
2019-01-28,82319.0859962406,83571.76773966165,82319.0859962406,83303.3359375,256923,0.0,0
2019-01-29,82587.51710032189,83482.2897666309,82319.08530042919,83392.8125,244795,0.0,0
2019-01-30,84019.1533664163,84019.1533664163,82498.03983369099,83392.8125,286515,0.0,0
2019-01-31,82766.47504069933,82855.95231101359,77934.70244372878,79008.4296875,1138071,0.0,0
2019-02-01,78650.52131164966,79276.86220946712,77666.27132936507,78918.953125,347461,0.0,0
2019-02-07,79366.32951977401,79366.32951977401,78024.17062146892,79187.375,212140,0.0,0
2019-02-08,79008.4332290495,79545.296875,78561.04685742408,79545.296875,215024,0.0,0
2019-02-11,79813.71864358684,79813.71864358684,78561.03696083995,78829.46875,216913,0.0,0
2019-02-12,79276.85796734234,79455.8125,78471.56257038287,79455.8125,211206,0.0,0
2019-02-13,79097.90489130435,80440.06391095318,78650.51855142141,80261.109375,218302,0.0,0
2019-02-14,79455.81401431718,81245.359375,79366.33674628304,81245.359375,344676,0.0,0
2019-02-15,80887.44671563193,81603.26482815965,80350.58313123614,80708.4921875,202096,0.0,0
2019-02-18,80976.92327657808,81424.30959302327,80529.5369601329,80797.96875,131052,0.0,0
2019-02-19,80529.53765936807,81782.21935629158,80171.62860310421,80708.4921875,144095,0.0,0
2019-02-20,80619.01710164835,81513.78976648352,80350.5853021978,81424.3125,204325,0.0,0
2019-02-21,81155.88565884846,82140.13565030087,80708.49929909737,81782.2265625,192141,0.0,0
2019-02-22,81603.26696329255,81692.74422969967,79813.72163515017,80440.0625,242552,0.0,0
2019-02-25,80082.15194873595,80976.92459620786,79545.2883602528,79634.765625,214869,0.0,0
2019-02-26,79276.85656601122,79724.24288974718,78918.94750702246,79634.765625,176932,0.0,0
2019-02-27,79276.85309008381,80440.0574807961,79187.37582925978,80082.1484375,146442,0.0,0
2019-02-28,80529.5404100902,80619.01767721253,79366.33593750001,79366.3359375,305820,0.0,0
2019-03-04,79276.86220946712,79992.68037840136,78650.52131164966,78918.953125,262931,0.0,0
2019-03-05,78382.08523375142,79545.2896949829,78203.13070125428,78471.5625,193767,0.0,0
2019-03-06,78561.03106978085,78561.03106978085,77397.82673731257,77576.78125,240566,0.0,0
2019-03-07,77845.21945123706,78024.17397871117,76324.10596770715,77755.7421875,254330,0.0,0
2019-03-08,77397.82866537222,77487.3059239449,76234.62430392732,76324.1015625,229440,0.0,0
2019-03-11,75966.19960297132,77218.88133965165,75876.72233606558,76413.5859375,159141,0.0,0
2019-03-12,76950.4460128056,77666.26411525029,76682.01422438883,76860.96875,128736,0.0,0
2019-03-13,76145.15413678279,76950.44953893444,75787.24506915984,76413.5859375,153582,0.0,0
2019-03-14,76950.45525816803,77218.88707883605,75876.72797549592,76682.0234375,350236,0.0,0
2019-03-15,76682.01443671963,79366.33232832009,76592.5371736663,78829.46875,335059,0.0,0
2019-03-18,78918.95454545454,79366.34090909091,78292.61363636365,78740.0,100564,0.0,0
2019-03-19,78829.47727272728,79366.34090909091,78113.6590909091,78740.0,92049,0.0,0
2019-03-20,78113.6534350057,79276.85789623717,77755.74437001141,78471.5625,99031,0.0,0
2019-03-21,77934.69671497411,79008.42387981876,77487.31039628884,77755.7421875,169542,0.0,0
2019-03-22,77397.83949842135,78561.0440226751,77218.88495622847,77934.703125,137859,0.0,0
2019-03-25,78561.04471919221,78561.04471919221,75787.24929061026,75876.7265625,216646,0.0,0
2019-03-26,75876.72298099763,76771.49565766033,75339.859375,75339.859375,155502,0.0,0
2019-03-27,75160.90625,75787.24713541666,74713.5199032738,75160.90625,131830,0.0,0
2019-03-28,74445.08243727598,75160.9005376344,73997.69612455196,74892.46875,116210,0.0,0
2019-03-29,75518.81461801426,75518.81461801426,74355.61012745243,75250.3828125,163740,0.0,0
2019-04-01,75339.86078869048,75608.29259672618,74713.5199032738,75160.90625,130879,0.0,0
2019-04-02,74892.47094119822,75787.24359282544,74802.9936760355,75608.2890625,188784,0.0,0
2019-04-03,74981.94820636095,75876.72085798817,74981.94820636095,75608.2890625,222599,0.0,0
2019-04-04,75608.2890625,76145.15265347633,75071.42547152366,75608.2890625,166346,0.0,0
2019-04-05,75429.3402030513,76055.68110627947,75160.90838738208,75876.7265625,123927,0.0,0
2019-04-08,75876.72085798817,75966.19812315088,75250.38000184912,75608.2890625,139783,0.0,0
2019-04-09,75250.38140384044,76055.67680530841,75160.90413701067,75429.3359375,152930,0.0,0
2019-04-10,75339.85804093567,76503.0625,75250.3807748538,76503.0625,135969,0.0,0
2019-04-11,76413.58948027091,76503.06675132508,75697.77131183745,75966.203125,240754,0.0,0
2019-04-12,76055.6796875,76055.6796875,75429.33879595587,76055.6796875,121493,0.0,0
2019-04-15,75876.72867990653,77397.84234448014,75876.72867990653,76592.546875,195258,0.0,0
2019-04-16,76234.62791036088,76950.4460128056,75876.71885913853,76860.96875,129510,0.0,0
2019-04-17,76682.02272727274,76950.45454545454,76055.68181818182,76771.5,123669,0.0,0
2019-04-18,77487.31601102941,77487.31601102941,75787.24787683823,76055.6796875,178481,0.0,0
2019-04-19,75787.24429798579,75876.72156398105,74892.47163803318,75518.8125,142623,0.0,0
2019-04-22,75250.38351934524,75518.81532738096,74892.47444196428,75160.90625,97605,0.0,0
2019-04-23,75518.81179733727,75787.24359282544,74981.94820636095,75608.2890625,87360,0.0,0
2019-04-24,75608.29047115955,75966.19953847864,74892.47233652134,75429.3359375,179508,0.0,0
2019-04-25,75429.33523400474,75966.1988299763,74981.94890402844,75518.8125,135067,0.0,0
2019-04-26,75518.81532738096,75697.76986607142,74892.47444196428,75160.90625,130838,0.0,0
2019-04-29,74713.51993977673,76145.15625,74445.08813160987,76145.15625,151870,0.0,0
2019-04-30,76055.68039605417,76592.54402237927,74981.953143404,75966.203125,179530,0.0,0
2019-05-02,75250.38070201423,75697.76703199053,74981.94890402844,75518.8125,150033,0.0,0
2019-05-03,75071.43039603221,75429.33948016108,74802.99858293556,74981.953125,99324,0.0,0
2019-05-07,74445.08805790108,74534.56532720145,73639.79263419782,74176.65625,223288,0.0,0
2019-05-08,73371.36434314321,73997.7052582676,73102.93252237562,73729.2734375,166070,0.0,0
2019-05-09,73729.26905583437,73818.74632410602,71313.3828125,71313.3828125,363712,0.0,0
2019-05-10,71402.85873842592,73192.40407021604,71402.85873842592,72476.5859375,229788,0.0,0
2019-05-13,71581.82311028501,72387.11862027571,70687.05032140644,72208.1640625,211718,0.0,0
2019-05-14,72834.49856366459,72834.49856366459,71581.81677018633,72029.203125,194982,0.0,0
2019-05-15,72834.49500385801,73281.88133680554,72208.15413773147,72476.5859375,224009,0.0,0
2019-05-16,72029.20812774122,72566.07179080513,71223.91263314536,71402.8671875,261414,0.0,0
2019-05-17,71939.72585403726,72923.97583462733,71223.9076863354,72029.203125,202796,0.0,0
2019-05-20,72208.15413773147,72834.49500385801,72118.67687114197,72476.5859375,99428,0.0,0
2019-05-21,71581.81257706536,72923.97156288533,71581.81257706536,72566.0625,167847,0.0,0
2019-05-22,72297.6328125,72834.4964224938,72029.20100750308,72297.6328125,149061,0.0,0
2019-05-23,72118.68111579755,73013.45383435582,72118.68111579755,72923.9765625,118666,0.0,0
2019-05-24,72923.97585401348,73281.88493795956,72655.54404105393,73013.453125,112800,0.0,0
2019-05-27,73102.92757240855,73729.26844512195,72745.01850228659,73371.359375,94601,0.0,0
2019-05-28,73729.26552890528,73729.26552890528,72745.015625,72745.015625,276699,0.0,0
2019-05-29,72745.01766857009,72745.01766857009,71402.858670995,71492.3359375,250426,0.0,0
2019-05-30,70776.5206362438,72118.6796875,70776.5206362438,72118.6796875,181850,0.0,0
2019-05-31,71581.81466584158,72387.1100808323,71313.38286084468,72297.6328125,182756,0.0,0
2019-06-03,71671.29202748495,74534.56461784638,71581.81475903615,74266.1328125,298412,0.0,0
2019-06-04,74266.13422780797,74534.56603826993,73550.31606657608,74087.1796875,123540,0.0,0
2019-06-05,73997.6937748319,74624.03459275673,72834.48939868582,73192.3984375,193541,0.0,0
2019-06-07,72923.97727272728,73281.88636363637,72208.1590909091,72834.5,152787,0.0,0
2019-06-10,73013.44543530834,73997.6953125,72655.53638905683,73997.6953125,110985,0.0,0
2019-06-11,73550.3097003632,74355.605062046,73371.3551755448,73908.21875,113019,0.0,0
2019-06-12,73908.22233698917,74534.5632042518,73460.83600323017,74445.0859375,144386,0.0,0
2019-06-13,73908.2293855042,74534.5703125,73013.45663265306,74534.5703125,292852,0.0,0
2019-06-14,73818.74576940433,74355.609375,73192.40489620938,74355.609375,200113,0.0,0
2019-06-17,74445.08805790108,74445.08805790108,73639.79263419782,74176.65625,95280,0.0,0
2019-06-18,73818.74576940433,74713.5184453971,73818.74576940433,74355.609375,93909,0.0,0
2019-06-19,74445.08243727598,75160.9005376344,74087.17338709677,74892.46875,142339,0.0,0
2019-06-20,74266.1328125,74624.04188629518,73908.22373870482,74266.1328125,143901,0.0,0
2019-06-21,73997.70100715362,74802.99642319277,73908.22373870482,74266.1328125,205919,0.0,0
2019-06-24,74802.99787693683,75250.38422787546,74176.65698562277,75071.4296875,111799,0.0,0
2019-06-25,75071.42687018089,75608.29047115955,74802.99506969158,75429.3359375,152114,0.0,0
2019-06-26,74892.46945088217,74981.94671426436,74266.12860720693,74802.9921875,139469,0.0,0
2019-06-27,74355.61082589286,75518.81532738096,73908.22447916666,75160.90625,148773,0.0,0
2019-06-28,74802.9921875,75518.8102945574,74713.51492411782,74802.9921875,89465,0.0,0
2019-07-01,75339.86008100475,75429.3373495095,74802.9964699762,75250.3828125,66315,0.0,0
2019-07-02,74802.99576900237,75339.859375,74445.08669833728,75339.859375,90946,0.0,0
2019-07-03,75250.38419950182,75339.86146965579,73997.70241734601,74087.1796875,116442,0.0,0
2019-07-04,73371.35295690708,73550.30747631418,72745.01213898227,73192.3984375,183859,0.0,0
2019-07-05,72745.01283277234,73460.83091722766,72566.0583116585,73102.921875,161321,0.0,0
2019-07-08,72655.54188582921,73192.40549582301,72029.20100750308,72297.6328125,143530,0.0,0
2019-07-09,71760.77629620927,72208.16268209586,71402.8671875,71402.8671875,253773,0.0,0
2019-07-10,71492.33453300562,71850.24359199438,71402.85726825842,71671.2890625,154333,0.0,0
2019-07-11,71581.81320400501,72029.19953653004,71492.3359375,71492.3359375,201636,0.0,0
2019-07-12,71402.85587250933,72029.19671349626,71402.85587250933,71850.2421875,132297,0.0,0
2019-07-15,71671.29901903195,72208.16268209586,71134.43535596805,71402.8671875,154737,0.0,0
2019-07-16,71850.24642212986,71939.7236904015,71313.3828125,71313.3828125,207443,0.0,0
2019-07-17,71223.90413798498,71581.81320400501,70865.99507196496,71492.3359375,124922,0.0,0
2019-07-18,71134.42751350063,71313.38204812579,69523.8367018742,70418.609375,260803,0.0,0
2019-07-19,70239.6562892588,71581.81532663316,70150.1790201005,71223.90625,197942,0.0,0
2019-07-22,70776.52272727274,71492.34090909091,70508.09090909091,70866.0,118881,0.0,0
2019-07-23,70239.65838784678,71313.38564982661,70239.65838784678,70955.4765625,118174,0.0,0
2019-07-24,70508.0859375,71134.42680242703,70508.0859375,70508.0859375,145665,0.0,0
2019-07-25,70329.13422751913,70418.61149752869,69702.79333745217,70150.1796875,143422,0.0,0
2019-07-26,69971.22156169666,70150.17609254498,69344.8807037275,69613.3125,127798,0.0,0
2019-07-29,69523.84090909091,69971.22727272728,68002.72727272728,68897.5,221890,0.0,0
2019-07-30,69434.35351049868,69434.35351049868,67555.33105725065,68181.671875,181606,0.0,0
2019-07-31,68181.6803958607,68539.58947930354,67555.33949983574,68092.203125,214313,0.0,0
2019-08-01,67644.81109828496,68181.67467843008,66928.99299142479,67823.765625,175580,0.0,0
2019-08-02,66750.03967983651,67644.81232970027,65228.92617506812,65676.3125,377436,0.0,0
2019-08-05,65139.4577950419,65586.84418099685,63886.775914368016,64065.73046875,362283,0.0,0
2019-08-06,62634.091259696754,64065.72763134696,62634.091259696754,63439.38671875,388229,0.0,0
2019-08-07,62813.03936557112,63439.38021394576,62007.743989089446,62276.17578125,267214,0.0,0
2019-08-08,62723.56383993459,62991.995639534885,61560.359375,61560.359375,391785,0.0,0
2019-08-09,61828.793676403984,62634.089107789856,61649.839136096016,61739.31640625,249554,0.0,0
2019-08-12,61649.83839039523,61739.31565946692,60576.11116153493,60844.54296875,224741,0.0,0
2019-08-13,60397.153442562594,61560.357879234165,60307.67617820324,60755.0625,206589,0.0,0
2019-08-14,60934.02088684361,61023.49815686834,58786.56640625,58786.56640625,390646,0.0,0
2019-08-16,58607.608984375,58607.608984375,57891.790859375,58160.22265625,243109,0.0,0
2019-08-19,58160.22273307488,59412.90445347957,58160.22273307488,59144.47265625,145921,0.0,0
2019-08-20,59054.997176204815,59681.33805534639,58249.70176016566,59412.90625,164232,0.0,0
2019-08-21,59055.0003524436,59502.38671875,58607.613986137214,59502.38671875,181752,0.0,0
2019-08-22,59681.336641328824,60307.67750563063,59323.427576013506,59591.859375,169515,0.0,0
2019-08-23,59502.38030849359,59949.76662660257,58786.562199519234,59323.42578125,183944,0.0,0
2019-08-26,58607.6111619016,59233.95204454788,57981.270279255325,58876.04296875,135600,0.0,0
2019-08-27,59233.95171310241,59770.81532379518,58965.519907756025,59412.90625,305656,0.0,0
2019-08-28,59949.76562499999,60039.24288712686,58876.038479477604,59949.765625,155946,0.0,0
2019-08-29,60039.250358317666,60218.204904840226,59233.95489896616,59502.38671875,171274,0.0,0
2019-08-30,59770.81435575513,61112.97336074963,59770.81435575513,61023.49609375,218641,0.0,0
2019-09-02,60307.68111731332,61291.93110587481,60128.726573938504,61112.9765625,105436,0.0,0
2019-09-03,60576.11007997411,61470.88275471523,60307.67827755177,60486.6328125,165685,0.0,0
2019-09-04,60307.67368676145,61023.491772064255,59860.2873834472,60576.10546875,158988,0.0,0
2019-09-05,60039.24827332427,62007.74821671195,60039.24827332427,61739.31640625,263439,0.0,0
2019-09-06,61739.31422974707,62097.2232977456,60844.54155975073,61023.49609375,120661,0.0,0
2019-09-09,60665.58571267986,62634.08554406475,60665.58571267986,62186.69921875,197447,0.0,0
2019-09-10,61739.3105246804,63707.81028053977,61739.3105246804,62991.9921875,280366,0.0,0
2019-09-11,63528.8618927213,65228.93002787864,63528.8618927213,64692.06640625,483117,0.0,0
2019-09-16,63976.24931190719,66839.52200838416,63976.24931190719,66034.2265625,267631,0.0,0
2019-09-17,65765.79007662261,66571.08546531595,64781.540157108524,65139.44921875,204869,0.0,0
2019-09-18,64602.582444979365,65855.26409903713,64602.582444979365,65049.96875,158326,0.0,0
2019-09-19,64960.49318715229,65676.31129389777,63797.288763690885,64334.15234375,183913,0.0,0
2019-09-20,64334.14748514979,64960.48828125,63528.8521758781,64960.48828125,261365,0.0,0
2019-09-23,64960.49148899587,65676.30957702888,64602.582444979365,65049.96875,142265,0.0,0
2019-09-24,65676.32102660301,65765.798303206,64781.548260572985,65586.84375,158824,0.0,0
2019-09-25,65855.26915184678,66034.2236875855,64960.49647315321,65407.8828125,161438,0.0,0
2019-09-26,65407.88456842151,65497.36183869295,64155.202784621375,64692.06640625,223357,0.0,0
2019-09-27,65228.93035145184,65318.407622167135,63170.953125,63170.953125,208490,0.0,0
2019-09-30,62991.995077355845,63976.24500043953,62544.60874868144,63618.3359375,192481,0.0,0
2019-10-01,63439.37971031815,65049.97045049548,62991.99339360222,64334.15234375,146570,0.0,0
2019-10-02,63260.426087731816,63976.24420470757,62544.60797075607,62723.5625,155561,0.0,0
2019-10-04,61828.79296875001,62813.04292917873,61739.31569962012,61828.79296875,154511,0.0,0
2019-10-07,61918.26812409943,62902.518050927596,61739.313591948856,62097.22265625,93213,0.0,0
2019-10-08,62544.61328125,63081.47691456545,61918.27237571531,62544.61328125,189522,0.0,0
2019-10-10,61739.31422974707,62544.60963274377,60934.01882675036,61023.49609375,317462,0.0,0
2019-10-11,61828.7884735064,63439.37920074679,61828.7884735064,62902.515625,198888,0.0,0
2019-10-14,63439.383189994755,64602.58767725841,63439.383189994755,63886.76953125,166311,0.0,0
2019-10-15,63349.90445478724,63886.768051861705,62991.99539007093,63081.47265625,166405,0.0,0
2019-10-16,62813.03976462197,64155.1987339515,62186.69891226819,62723.5625,292694,0.0,0
2019-10-17,62723.563974471836,63618.33664172536,62455.13217429578,63528.859375,255544,0.0,0
2019-10-18,63886.766940085596,64155.1987339515,62634.085235378036,62723.5625,163739,0.0,0
2019-10-21,63260.430395715295,63618.33947857648,62634.089500708214,63170.953125,126013,0.0,0
2019-10-22,63618.33106284819,64513.10365163649,63439.376545090534,64244.671875,186493,0.0,0
2019-10-23,63081.472343090725,64155.19953190929,62991.995077355845,63618.3359375,147822,0.0,0
2019-10-24,63170.945038184684,63797.28585301088,62723.55874188026,63707.80859375,143632,0.0,0
2019-10-25,62991.99051966292,63797.28585301088,62813.03600114115,63707.80859375,150522,0.0,0
2019-10-28,64244.68217780324,64334.15945103138,63349.90944552186,63439.38671875,147957,0.0,0
2019-10-29,64244.67687413435,64960.495000865645,63886.767810768695,64602.5859375,226428,0.0,0
2019-10-30,64602.59272233028,65318.41092423975,63170.95631851132,63260.43359375,234972,0.0,0
2019-10-31,63349.90766643059,64244.680373583564,62991.9985835694,63170.953125,184625,0.0,0
2019-11-01,62902.524492795266,63349.91086898869,62723.569942317896,63260.43359375,98091,0.0,0
2019-11-04,63797.287377557215,64960.49177574549,63349.90107056172,64513.10546875,173253,0.0,0
2019-11-05,64692.06289169815,65407.88101498112,64244.676564646295,65139.44921875,254166,0.0,0
2019-11-06,64871.0234375,65407.887079741384,64513.114342672416,64871.0234375,191421,0.0,0
2019-11-07,64692.06540991903,66660.56532557355,64602.58814102565,66302.65625,277568,0.0,0
2019-11-08,66571.08105858855,68002.71721038615,66481.6037991012,67197.421875,317514,0.0,0
2019-11-11,67197.43393477182,68002.72941468254,66481.61573040675,67644.8203125,268189,0.0,0
2019-11-12,68002.72226821192,68092.19953435431,67107.94960678808,67555.3359375,130383,0.0,0
2019-11-13,67555.33515100672,67644.81241610738,66392.13070469798,66660.5625,242117,0.0,0
2019-11-14,66660.5583180759,67376.3763939747,66302.6492801265,67197.421875,335720,0.0,0
2019-11-15,66571.09090909091,67465.86363636365,66571.09090909091,66929.0,242280,0.0,0
2019-11-18,65944.73733618952,67107.94165826612,65497.351058467735,66571.078125,269777,0.0,0
2019-11-19,65765.7890625,66213.17538265306,65318.40274234694,65765.7890625,265831,0.0,0
2019-11-20,65318.40274234694,66213.17538265306,65228.92547831633,65765.7890625,225119,0.0,0
2019-11-21,65765.79364950726,66392.13454140733,64513.11186570713,64692.06640625,216330,0.0,0
2019-11-22,65049.97226670706,65586.83586175554,64423.63140581717,64602.5859375,167084,0.0,0
2019-11-25,64065.7231045082,65765.79117571721,64065.7231045082,65497.359375,174343,0.0,0
2019-11-26,65497.36218619247,66034.22581066945,64155.203125,64155.203125,535278,0.0,0
2019-11-27,64602.579254907025,66034.21536027892,64513.10199832128,64960.48828125,208687,0.0,0
2019-11-28,64602.582444979365,65407.8777940165,64334.15066196698,65049.96875,95687,0.0,0
2019-11-29,65586.84418099685,65676.32145818784,63797.298637177024,64065.73046875,181493,0.0,0
2019-12-02,64065.72797413793,64871.0234375,64065.72797413793,64871.0234375,167347,0.0,0
2019-12-03,64334.160501553866,64871.02414968923,63976.25140279696,64781.546875,175273,0.0,0
2019-12-04,64423.63281249999,64871.01915147569,63528.86013454861,64423.6328125,210691,0.0,0
2019-12-05,63886.76283948468,64871.012687151815,63886.76283948468,64244.671875,149496,0.0,0
2019-12-06,64244.680054892815,64692.06640625001,63976.248244078495,64692.06640625,146120,0.0,0
2019-12-09,64602.59196275685,65765.79652718322,64513.114688570204,65318.41015625,166582,0.0,0
2019-12-10,64781.540157108524,65586.83554580186,64781.540157108524,65139.44921875,137327,0.0,0
2019-12-11,65676.32239723719,67018.48157429245,65318.41328335579,66392.140625,242751,0.0,0
2019-12-12,66928.9935908177,67107.94811913538,66213.17547754692,66750.0390625,413491,0.0,0
2019-12-13,67465.85379757217,68450.10365403543,66839.51297982283,68181.671875,213070,0.0,0
2019-12-16,68181.67467843008,68629.06099521767,67644.81109828496,67823.765625,124640,0.0,0
2019-12-17,67286.90559554975,68360.6328125,66750.04198707461,68360.6328125,294055,0.0,0
2019-12-18,67644.80831692913,68718.53543307087,67644.80831692913,68181.671875,145564,0.0,0
2019-12-19,68450.1100805792,68450.1100805792,67734.29193594569,68360.6328125,147351,0.0,0
2019-12-20,68450.10365403543,68629.05817339239,67913.24009596456,68181.671875,159604,0.0,0
2019-12-23,68539.5809137139,68629.05817339239,68002.71735564304,68181.671875,98386,0.0,0
2019-12-24,68002.72444298821,68360.63351900394,67734.29263597641,68271.15625,134445,0.0,0
2019-12-26,68360.63919712794,68539.59375,67913.25281494779,68539.59375,121824,0.0,0
2019-12-27,69698.1335685484,70068.86832157258,68585.9293094758,68956.6640625,224466,2650.0,0
2019-12-30,68956.66006711409,69698.12953020135,68678.60901845638,69049.34375,159239,0.0,0
2020-01-02,68956.66928864569,69327.40406976744,67659.09755471956,67751.78125,273967,0.0,0
2020-01-03,68122.51582750682,68585.93430252388,67659.09735248977,67937.1484375,240366,0.0,0
2020-01-06,67381.0390625,68122.50854324277,67010.3043221286,67381.0390625,153614,0.0,0
2020-01-07,67473.7265625,68215.19608516483,67381.04287216689,67473.7265625,135363,0.0,0
2020-01-08,66732.25820530727,66824.94189725908,65805.42128578911,66361.5234375,191999,0.0,0
2020-01-09,66083.4717797784,67010.30869113574,66083.4717797784,66917.625,301619,0.0,0
2020-01-10,66639.5739265928,67381.04345567866,66361.5228531856,66917.625,260725,0.0,0
2020-01-13,66361.51852647867,67473.72274759284,66361.51852647867,67381.0390625,213172,0.0,0
2020-01-14,67195.67473038383,68400.56269106659,67102.99104110055,68215.1953125,177979,0.0,0
2020-01-15,67659.09317680028,68307.8790017833,67473.7257982337,68215.1953125,115528,0.0,0
2020-01-16,67844.46494528043,68029.8323358413,67010.31168775649,67751.78125,169658,0.0,0
2020-01-17,67751.77289687924,68307.875,67288.35447761194,68307.875,164488,0.0,0
2020-01-20,68678.61356707317,69234.71570121952,67844.46036585367,68400.5625,242619,0.0,0
2020-01-21,68215.19952251023,68585.93430252388,67751.78104749318,67937.1484375,142736,0.0,0
2020-01-22,68215.1956967213,68307.87938652663,67751.77724769467,67844.4609375,170700,0.0,0
2020-01-23,67751.78104749318,68400.56691251705,67566.41365748637,67937.1484375,254742,0.0,0
2020-01-28,67659.08751755618,68400.55696980337,65712.7302054073,65990.78125,346698,0.0,0
2020-01-29,65527.36814024391,65712.73551829268,64415.16387195123,64600.53125,361321,0.0,0
2020-01-30,64229.79287869236,65156.62971676873,63673.69077584654,64322.4765625,390442,0.0,0
2020-01-31,64693.21120728417,65249.31330935252,63951.74173785972,64415.16015625,260625,0.0,0
2020-02-03,64507.84531480118,64600.52900059831,62098.06948407585,62932.22265625,352863,0.0,0
2020-02-04,62190.75664577233,63488.32831945462,61912.705572840416,63302.9609375,282913,0.0,0
2020-02-05,63024.905793795624,64044.426328695256,62932.222108804744,63488.32421875,324247,0.0,0
2020-02-06,64137.11214932529,65898.10222278943,63488.32633278587,65249.31640625,320703,0.0,0
2020-02-07,64507.85196893063,66083.47479001083,63581.01501535404,64137.1171875,325178,0.0,0
2020-02-10,63210.27666908563,63951.74619013062,62839.54190856313,63859.0625,192037,0.0,0
2020-02-11,63581.01133378623,64229.797163722826,63302.9602638134,63951.74609375,268318,0.0,0
2020-02-12,63395.64035207423,63951.74246042576,63024.905613173214,63673.69140625,244783,0.0,0
2020-02-13,63395.64099264706,63581.008363970584,63024.90625,63024.90625,245668,0.0,0
2020-02-14,62561.487821691175,63395.64099264706,62190.753079044116,63024.90625,186773,0.0,0
2020-02-17,63210.273713641385,63302.957399438514,62283.43685567011,62932.22265625,184098,0.0,0
2020-02-18,62283.441307578,62746.85976968796,62098.073922734024,62376.125,166056,0.0,0
2020-02-19,62654.17339015152,62654.17339015152,60800.499621212126,61171.234375,366365,0.0,0
2020-02-20,61171.234375,61912.70388257576,60893.18330965909,61171.234375,250253,0.0,0
2020-02-21,60522.44950721154,61078.551646634616,60059.03105769231,60244.3984375,210695,0.0,0
2020-02-24,59595.61184410453,59688.29553282009,57093.152248784434,57185.8359375,396835,0.0,0
2020-02-25,56629.73371131675,57834.621662621365,56073.63157994539,57278.51953125,250558,0.0,0
2020-02-26,56815.10214168039,57185.83690280066,55888.265238879736,56259.0,357356,0.0,0
2020-02-27,55980.94495271381,56629.730738589635,55888.26126901727,56351.6796875,224239,0.0,0
2020-02-28,55610.21233974359,55980.94708867522,53849.22228231838,54219.95703125,608201,0.0,0
2020-03-02,54590.69342814701,54590.69342814701,52551.652247469196,52644.3359375,525988,0.0,0
2020-03-03,52922.38353408082,53571.169321714035,51902.863010657195,52180.9140625,431464,0.0,0
2020-03-04,51995.55029814487,52644.33613074204,51439.448155918726,52458.96875,518769,0.0,0
2020-03-05,52737.01886664497,53385.8046875,52366.284111870664,53385.8046875,345334,0.0,0
2020-03-06,52088.23496515288,52644.33711780576,51161.39804406475,51532.1328125,396654,0.0,0
2020-03-09,51532.13281250001,51532.13281250001,51532.13281250001,51532.1328125,0,0.0,0
2020-03-10,47546.73093011811,48010.14936023622,46897.94512795275,47083.3125,522190,0.0,0
2020-03-11,47175.99674738546,48566.25205428287,46249.159876120524,46527.2109375,519223,0.0,0
2020-03-12,46527.21093750001,46527.21093750001,46527.21093750001,46527.2109375,0,0.0,0
2020-03-13,39853.983694912946,42866.20339278427,39853.983694912946,42588.15234375,734226,0.0,0
2020-03-16,42541.815185546875,43097.91734483507,39993.01362214265,40039.35546875,522549,0.0,0
2020-03-17,37629.577448248405,38510.0724870621,36285.66396795382,36378.34765625,900643,0.0,0
2020-03-18,36378.34757024592,36517.37310236151,32624.658203125004,32624.658203125,925997,0.0,0
2020-03-19,32624.657327586207,33644.177869073275,29566.095703124996,29566.095703125,1005840,0.0,0
2020-03-20,30122.197884066645,32068.555285806335,29380.728397689618,31466.111328125,700255,0.0,0
2020-03-23,29751.464511986298,35868.588056506844,29658.780821917808,33829.546875,943863,0.0,0
2020-03-24,34385.64899481193,35729.5625,34385.64899481193,35729.5625,786810,0.0,0
2020-03-25,37397.866814650384,41800.341842397334,36888.10654827969,41754.0,1325096,0.0,0
2020-03-26,41754.004638671875,42171.08126658313,39297.88671875,39297.88671875,1396917,0.0,0
2020-03-27,41290.581866197186,41429.6073943662,38324.70393192489,39483.25,835026,0.0,0
2020-03-30,38324.7048433744,39112.516188401445,37119.81690392127,38556.4140625,738471,0.0,0
2020-03-31,39205.19858284884,40085.69358648256,38741.780159883725,39853.984375,666329,0.0,0
2020-04-01,39251.54249961703,39714.96094707414,37768.603467754285,37814.9453125,651313,0.0,0
2020-04-02,37629.57952992102,38463.73277073208,36285.66597528099,38139.33984375,739615,0.0,0
2020-04-03,38139.33621002907,38880.80568677326,37675.917787063954,37861.28515625,590678,0.0,0
2020-04-06,38139.33915770609,38880.80869175627,37953.971774193546,38788.125,693429,0.0,0
2020-04-07,39946.6699695122,40641.79763719512,39112.516768292684,39900.328125,980198,0.0,0
2020-04-08,39483.25370546145,40688.14172933703,38695.442305235105,39668.62109375,984678,0.0,0
2020-04-09,40410.08540723982,41244.23854638009,40178.37620192308,40966.1875,1023627,0.0,0
2020-04-10,41568.633345170456,49493.08853137352,41522.29150197629,46897.9453125,3246690,0.0,0
2020-04-13,46897.94645116396,49863.82448760121,45600.37481022267,45785.7421875,1342560,0.0,0
2020-04-14,46017.44949183131,46619.89344288247,44858.90343211753,45739.3984375,759396,0.0,0
2020-04-16,44534.512286782134,45090.614417314275,43422.30802571786,43978.41015625,908997,0.0,0
2020-04-17,44580.85309925335,46063.79207968589,44488.16941297631,44997.9296875,1098061,0.0,0
2020-04-20,45554.03383134665,46017.45228334407,44951.58984375,44951.58984375,741432,0.0,0
2020-04-21,44580.854035226075,44719.87956756046,42912.54764721346,44071.09375,837498,0.0,0
2020-04-22,42958.889676280356,43885.7265625,42866.205987658395,43885.7265625,597368,0.0,0
2020-04-23,44071.093655725344,44673.53762788563,43978.40996770069,44163.77734375,577453,0.0,0
2020-04-24,43700.35765091951,44024.75054970683,43283.28106676439,43468.6484375,396450,0.0,0
2020-04-27,43561.33375063388,46156.477037905686,43514.99190621831,45693.05859375,766422,0.0,0
2020-04-28,45693.058498861334,46712.579073886634,45044.272678390684,45785.7421875,602793,0.0,0
2020-04-29,45785.742473905295,46156.47723077902,45229.640338594705,45507.69140625,750608,0.0,0
2020-05-04,44163.777916611325,44395.48713967854,43468.65024740968,43607.67578125,913449,0.0,0
2020-05-06,44302.801052631585,44488.16842105264,43932.06631578948,44024.75,596128,0.0,0
2020-05-07,44024.75000000001,44302.801052631585,43793.040789473685,44024.75,407245,0.0,0
2020-05-08,44163.77734375001,45275.98160004591,44117.43549973767,44163.77734375,575007,0.0,0
2020-05-11,44163.776171040336,44349.14354216747,43329.62300096822,43375.96484375,588917,0.0,0
2020-05-12,43005.23306010929,43236.94228995902,42078.396140710385,42402.7890625,695123,0.0,0
2020-05-13,41846.68531026294,42634.49666161894,41429.60871248623,42078.39453125,724760,0.0,0
2020-05-14,41568.63702125421,42171.081036054995,40873.509311868685,41290.5859375,1000830,0.0,0
2020-05-15,41429.60889968197,42078.39472137721,41058.874144427544,41893.02734375,481321,0.0,0
2020-05-18,41568.63520111909,41707.66073690879,40641.79829585445,41151.55859375,570381,0.0,0
2020-05-19,42171.080924758586,43885.729270050964,42171.080924758586,43190.6015625,927699,0.0,0
2020-05-20,43005.23498908297,43097.918685180135,42356.449116402844,42449.1328125,470216,0.0,0
2020-05-21,42866.20559525438,43005.23112691467,42124.736093066196,42356.4453125,526099,0.0,0
2020-05-22,42495.46938590116,42588.15307049418,41336.923328488374,41846.68359375,488577,0.0,0
2020-05-25,41893.02964743589,41939.37149439102,41336.92748397436,41568.63671875,380225,0.0,0
2020-05-26,41614.97367213003,43283.279966335685,41568.63183062432,42588.15234375,779554,0.0,0
2020-05-27,43005.23227712138,43190.59965762621,42495.471980733084,43144.2578125,648507,0.0,0
2020-05-28,43654.017914438504,44488.17112299465,43051.57393048129,43329.625,1092104,0.0,0
2020-05-29,42819.863751367615,43144.25665857495,42263.76162472648,42356.4453125,1134936,0.0,0
2020-06-01,42356.44457325269,43236.93959173387,42310.10273017473,43097.9140625,487274,0.0,0
2020-06-02,43097.91631548236,44766.22275350103,42773.52339697873,44673.5390625,1171103,0.0,0
2020-06-03,45600.37740384615,47546.73497596153,45507.69370993589,46990.6328125,1753024,0.0,0
2020-06-04,48102.83640356421,49029.673328488374,45554.03486002275,45832.0859375,1344595,0.0,0
2020-06-05,45924.76678757441,47083.31287202381,45924.76678757441,46712.578125,814616,0.0,0
2020-06-08,47732.09848999506,47917.46586277174,46249.159507781624,46897.9453125,789973,0.0,0
2020-06-09,47546.73140065855,47639.4150875994,46295.50162695701,46619.89453125,713066,0.0,0
2020-06-10,46619.89682651401,46712.58051801801,46017.45283173798,46295.50390625,476097,0.0,0
2020-06-11,45739.40072544642,45878.426259566324,44580.85460778061,45415.0078125,860694,0.0,0
2020-06-12,43329.6229094483,44024.75054970683,43051.57185334489,43468.6484375,791765,0.0,0
2020-06-15,42912.54634252793,43793.0413538757,41475.94921875,41475.94921875,727179,0.0,0
2020-06-16,42263.76238019169,43746.70141107561,42124.736846046326,43514.9921875,578499,0.0,0
2020-06-17,43190.59774865591,43468.64880712365,42217.41904401882,43097.9140625,423528,0.0,0
2020-06-18,42588.15351645967,43746.69958600427,42541.81167367788,43375.96484375,343050,0.0,0
2020-06-19,44117.43404989384,44302.80141985138,42866.20430268046,43654.015625,398298,0.0,0
2020-06-22,42958.89273031656,43514.994901582795,42680.841644683445,42819.8671875,248064,0.0,0
2020-06-23,43005.23093681917,43190.59831154684,41985.71037581699,42541.8125,325818,0.0,0
2020-06-24,42912.54678239494,43283.2815278152,42634.49572332975,43005.23046875,344521,0.0,0
2020-06-25,42171.076581576024,42356.44395116537,41754.0,41754.0,419578,0.0,0
2020-06-26,42078.394817073175,42124.73666158537,41707.66006097561,41800.34375,244171,0.0,0
2020-06-29,41058.874903223536,41429.60966532939,40873.50752217061,41151.55859375,301060,0.0,0
2020-06-30,41707.66044463088,41985.71151426175,41290.58384018457,41429.609375,238600,0.0,0
2020-07-01,41429.60918360245,42171.07869919265,41429.60918360245,41614.9765625,241698,0.0,0
2020-07-02,41614.97618308499,42124.73647040562,41614.97618308499,41985.7109375,228537,0.0,0
2020-07-03,42078.39462610375,42449.12938051876,41846.68540459437,41985.7109375,163250,0.0,0
2020-07-06,42078.395280680605,43329.62509629555,41939.369745612275,43236.94140625,333176,0.0,0
2020-07-07,43654.01655707701,43978.409461428964,42634.4960005423,42727.1796875,345299,0.0,0
2020-07-08,42634.49790086674,43236.9418929442,42634.49790086674,42773.5234375,250973,0.0,0
2020-07-09,43190.60014590119,43190.60014590119,42680.83984374999,42680.83984375,322911,0.0,0
2020-07-10,42541.81345698775,42680.83899116091,41522.29287305122,41614.9765625,362303,0.0,0
2020-07-13,41893.026873632385,42541.81268804705,41707.65949808534,42356.4453125,225746,0.0,0
2020-07-14,42032.054004648475,42727.1816894001,41939.370313348256,42680.83984375,241717,0.0,0
2020-07-15,43097.91616100324,43700.36015035059,42958.890625,42958.890625,423798,0.0,0
2020-07-16,42866.206267434914,43793.043159703775,42773.52257820803,43607.67578125,490218,0.0,0
2020-07-17,43607.67606951872,44024.75267379679,43144.25762032086,43329.625,288479,0.0,0
2020-07-20,43329.62480863951,43654.01772164537,42819.86451677317,43514.9921875,242019,0.0,0
2020-07-21,43468.64996370116,44210.11947267687,43190.59889783527,43885.7265625,364193,0.0,0
2020-07-22,44071.093375260694,45507.69053050053,43978.409687825864,44441.828125,724625,0.0,0
2020-07-23,44349.145785781424,44441.82947603384,42866.20674174275,43144.2578125,535235,0.0,0
2020-07-24,42727.17950188985,43375.965307775376,42727.17950188985,42912.546875,282820,0.0,0
2020-07-27,42866.20863230955,43654.02003420064,42819.866785139486,43190.6015625,291736,0.0,0
2020-07-28,43190.59720010615,43793.04115246815,43097.91351512739,43654.015625,414355,0.0,0
2020-07-29,43468.64859742835,45368.6641544588,43190.59754030195,45275.98046875,935606,0.0,0
2020-07-30,45368.666843977386,46017.45268239995,44441.82993194516,44580.85546875,602830,0.0,0
2020-07-31,44766.221411671926,45044.272476340695,43839.384529442694,44071.09375,504893,0.0,0
2020-08-03,44024.752095432945,44302.803161298834,43700.35918525607,43885.7265625,380733,0.0,0
2020-08-04,43839.38632566824,44858.90693789308,43839.38632566824,44210.12109375,331764,0.0,0
2020-08-05,43932.0703125,44302.80508306962,43746.70292721519,43932.0703125,339550,0.0,0
2020-08-06,43978.409718749994,46897.945875,43978.409718749994,46341.84375,1399072,0.0,0
2020-08-07,46897.94459073604,46897.94459073604,44812.561679092636,45646.71484375,799344,0.0,0
2020-08-10,46110.13708959652,52644.33742088608,46110.13708959652,51254.08203125,3134363,0.0,0
2020-08-11,51810.17932670959,53941.90405750444,50419.924067495565,52180.9140625,1791625,0.0,0
2020-08-12,52829.70466382575,55146.796973642675,52088.23512468434,55054.11328125,1678762,0.0,0
2020-08-13,56629.73221270863,70346.91775686719,56166.31378216273,66639.5703125,7226406,0.0,0
2020-08-14,67751.77699679365,67844.46068625576,58854.14280843224,60522.44921875,4598985,0.0,0
2020-08-18,59780.97765307741,61912.70243760575,54405.32384861464,54776.05859375,3076232,0.0,0
2020-08-19,55702.89574032738,60151.7127046131,55332.16099330357,58390.72265625,2918565,0.0,0
2020-08-20,57000.46658714345,57834.61975671141,55054.109191484895,55239.4765625,1612953,0.0,0
2020-08-21,56259.001282354795,56722.41974431818,54590.69481928661,55054.11328125,1187035,0.0,0
2020-08-24,54683.37783381864,55795.582128743765,53571.17353889351,55702.8984375,968817,0.0,0
2020-08-25,56258.99942648858,58576.0916598695,55795.5809798124,56815.1015625,969593,0.0,0
2020-08-26,56629.7352509863,57093.15370639535,55424.847266922756,55795.58203125,724543,0.0,0
2020-08-27,55795.578954995784,56073.630012911046,54405.32366541948,54961.42578125,693925,0.0,0
2020-08-28,55610.214359504134,57834.6229338843,55054.11221590909,56073.6328125,1069308,0.0,0
2020-08-31,57371.19984426062,59132.18982332516,56166.311963848035,56722.4140625,1269661,0.0,0
2020-09-01,56444.366615853665,61727.33689024391,56258.999237804885,60800.5,2641377,0.0,0
2020-09-02,61634.650631337754,61727.33431649766,58483.405335900934,59410.2421875,1545141,0.0,0
2020-09-03,59410.24589934876,60522.45019075622,58576.09268079316,59595.61328125,805461,0.0,0
2020-09-04,57185.835466489145,58390.72340986736,57093.15177853697,57649.25390625,993147,0.0,0
2020-09-07,58390.72636471519,59502.930676424054,58019.99159414557,58576.09375,615367,0.0,0
2020-09-08,58946.82744459565,60707.81757265747,58946.82744459565,59595.61328125,996857,0.0,0
2020-09-09,58390.72636471519,58946.82852056962,58112.67528678798,58576.09375,660525,0.0,0
2020-09-10,59224.875931538154,59410.243305345786,58112.67168869237,58298.0390625,603283,0.0,0
2020-09-11,58112.67384925618,60522.44979834814,57649.255397507724,59966.34765625,887755,0.0,0
2020-09-14,61820.02028997534,61820.02028997534,60707.81602688733,61078.55078125,709906,0.0,0
2020-09-15,61171.23485209924,61356.60223043893,59966.346892891226,60707.81640625,451239,0.0,0
2020-09-16,60522.445947416796,60522.445947416796,59502.925418440405,59873.66015625,458811,0.0,0
2020-09-17,59688.29806170886,60337.0839102057,58576.09375,58576.09375,483474,0.0,0
2020-09-18,59224.875931538154,59224.875931538154,57834.62062798092,58298.0390625,403035,0.0,0
2020-09-21,57834.62099999999,59224.8763125,57741.9373125,57927.3046875,370157,0.0,0
2020-09-22,57463.88463541666,57556.56832031249,55239.47619791666,55610.2109375,803162,0.0,0
2020-09-23,56166.3174894958,56259.00118172269,54590.694721638654,55146.796875,577619,0.0,0
2020-09-24,54127.27400519032,54312.64138192042,53293.120809904845,53571.171875,535859,0.0,0
2020-09-25,54034.59022155656,54683.37603896805,53571.17178054836,53663.85546875,378750,0.0,0
2020-09-28,54312.64325959933,56073.63339941569,54127.275876460764,55517.53125,302478,0.0,0
2020-09-29,56258.99971183401,57278.52029969262,55795.581262807376,56537.05078125,420612,0.0,0
2020-10-05,56815.098105982725,57556.56757555509,56258.99600380345,56351.6796875,379073,0.0,0
2020-10-06,56629.73515236318,57185.83729788557,55702.8982431592,55888.265625,304942,0.0,0
2020-10-07,55610.21388319672,56537.05078125,55146.79543417008,56537.05078125,279738,0.0,0
2020-10-08,56907.785831960464,57093.15321252059,55888.265238879736,56259.0,423099,0.0,0
2020-10-12,57185.83612804879,57278.519817073175,56537.05030487805,57000.46875,338087,0.0,0
2020-10-13,57278.51616115196,57371.19984426062,56166.311963848035,56722.4140625,364469,0.0,0
2020-10-14,56722.41864669421,56815.102337293385,55610.214359504134,56073.6328125,368700,0.0,0
2020-10-15,55702.89526902403,55702.89526902403,54868.74209527825,54961.42578125,318052,0.0,0
2020-10-16,55239.48106461864,55239.48106461864,54312.64413400424,54683.37890625,253653,0.0,0
2020-10-19,54776.06114411157,56073.6328125,54590.69376291322,56073.6328125,369725,0.0,0
2020-10-20,55517.53086131841,56073.63300684079,55054.11240671642,55888.265625,234502,0.0,0
2020-10-21,56166.311963848035,56722.4140625,55424.84249897876,56722.4140625,309535,0.0,0
2020-10-22,56258.9978608631,58854.14109002976,56073.63048735119,58390.72265625,837005,0.0,0
2020-10-23,59039.50836965135,59224.87574286846,58298.038876782884,58483.40625,490868,0.0,0
2020-10-26,64507.847662213746,67659.09309398856,60337.08164957062,60707.81640625,4535106,0.0,0
2020-10-27,59873.66236822289,63673.69357115964,58946.825489457835,61541.96875,1714383,0.0,0
2020-10-28,61541.969319908814,62098.07145231763,60151.713988886775,60985.8671875,517691,0.0,0
2020-10-29,60059.03213028169,60985.86904587245,58112.67460754108,59224.87890625,812652,0.0,0
2020-10-30,59317.56329113924,60522.45129549051,57834.62420886076,58576.09375,641984,0.0,0
2020-11-02,59039.511425781246,59780.98095703124,58854.14404296874,59317.5625,376371,0.0,0
2020-11-03,59224.87880859375,59780.98095703124,58854.14404296874,59317.5625,359765,0.0,0
2020-11-04,59780.981453001965,59780.981453001965,58483.40976254921,58854.14453125,490028,0.0,0
2020-11-05,59039.51152313184,59317.562597809076,58483.40937377739,59224.87890625,377415,0.0,0
2020-11-06,59595.61396914308,59595.61396914308,58761.46074095912,58946.828125,328110,0.0,0
2020-11-09,59132.19473020186,60337.082710597824,58946.827348602485,59688.296875,495517,0.0,0
2020-11-10,60985.86625187125,62283.43787425149,59873.66200411676,61912.703125,1145747,0.0,0
2020-11-11,62005.38588910398,63210.27380623156,61912.70220317109,62839.5390625,724366,0.0,0
2020-11-12,63024.90756381382,63024.90756381382,61449.28487471847,61727.3359375,651055,0.0,0
2020-11-13,62098.0701264881,62932.223307291664,61541.96800595238,62283.4375,676677,0.0,0
2020-11-16,63024.905793795624,64137.110013686135,62468.80368385037,63488.32421875,763778,0.0,0
2020-11-17,63766.37730496454,66454.20425531914,63024.907801418434,65342.0,1085180,0.0,0
2020-11-18,65527.370209933666,66454.20712945182,64507.84959846369,66361.5234375,748744,0.0,0
2020-11-19,66176.1603125,69512.7734375,65434.690729166665,69512.7734375,1391353,0.0,0
2020-11-20,69049.3446534864,70810.33465136055,67381.0383397109,68122.5078125,998476,0.0,0
2020-11-23,67751.78317708333,69883.50822916666,67195.68098958333,69512.7734375,770840,0.0,0
2020-11-24,70532.28580901856,70903.02055702917,69234.71419098142,69883.5,759791,0.0,0
2020-11-25,70068.87280108254,70624.9749661705,67381.04566982409,68493.25,974156,0.0,0
2020-11-26,68493.24979967948,68863.9845753205,67102.99439102564,68678.6171875,565107,0.0,0
2020-11-27,68493.24599873311,69420.08288640203,67844.46017736486,68585.9296875,441538,0.0,0
2020-11-30,68771.29566970548,68956.66304347826,66083.46875,66083.46875,1264680,0.0,0
2020-12-01,66732.26120689655,67288.36338362069,66361.5264224138,67195.6796875,400071,0.0,0
2020-12-02,67102.98728741497,68585.92623299321,66732.25255102041,68122.5078125,504573,0.0,0
2020-12-03,68122.5078125,68493.24254889456,67195.67097151361,68122.5078125,357024,0.0,0
2020-12-04,67473.7265625,68585.93084649724,67195.67549150067,67473.7265625,695246,0.0,0
2020-12-07,67473.7271468144,67473.7271468144,66546.89023545706,66917.625,442244,0.0,0
2020-12-08,67102.9883730982,68029.82522908022,66454.20257391079,67010.3046875,425716,0.0,0
2020-12-09,67195.66788266184,67566.40260201447,66639.56580363293,67288.3515625,378944,0.0,0
2020-12-10,66732.25326685006,67751.77380287138,66454.20221157152,67381.0390625,613302,0.0,0
2020-12-11,67566.40728824014,70903.01999383223,67381.03991570724,70439.6015625,1091351,0.0,0
2020-12-14,70903.01668326693,71088.38404714475,69234.71040836653,69790.8125,573836,0.0,0
2020-12-15,69790.8174486186,69790.8174486186,68215.19474393531,68771.296875,588261,0.0,0
2020-12-16,69698.13584099869,70717.65644505585,69142.03369333115,70532.2890625,468192,0.0,0
2020-12-17,70717.64878746706,70717.64878746706,69420.07725008235,70346.9140625,474585,0.0,0
2020-12-18,70439.59774374176,70532.28142498354,69698.12829380765,70346.9140625,325280,0.0,0
2020-12-21,70439.60958113456,70810.34436840369,69605.45630977902,70254.2421875,275344,0.0,0
2020-12-22,70346.92177734374,76649.41279296874,69976.18701171875,74146.953125,2136409,0.0,0
2020-12-23,74888.41824534161,75815.25510481367,72942.06084045031,74610.3671875,782731,0.0,0
2020-12-24,74795.73310939404,76185.98837165043,74703.04942524362,76093.3046875,762642,0.0,0
2020-12-28,77298.19723203317,78039.66674984644,75166.47236832003,75444.5234375,1203796,0.0,0
2020-12-29,77356.93349004425,77356.93349004425,75062.04300331858,75635.765625,978520,2500.0,0
2020-12-30,75348.90431415928,75827.0064988938,73436.49557522124,75635.765625,861985,0.0,0
2021-01-04,74392.69663461538,75444.52139423076,73627.73317307692,74583.9375,1077102,0.0,0
2021-01-05,74010.21418175938,74488.31634055627,71524.08295601553,73914.59375,1387811,0.0,0
2021-01-06,73914.5983123385,75444.52531492247,72958.3939357235,74010.21875,1028893,0.0,0
2021-01-07,76209.48640082197,77930.65422417804,75253.28205451304,77070.0703125,1947359,0.0,0
2021-01-08,78121.89971538105,78217.52015566915,75922.62958875464,77165.6953125,1162577,0.0,0
2021-01-11,77548.17388528964,83572.26137576219,76496.34908536586,78408.7578125,2710021,0.0,0
2021-01-12,78408.75397245763,80703.64433262713,77356.92922404662,78982.4765625,1308709,0.0,0
2021-01-13,79651.8261812201,81277.37365430623,79460.58530203349,79938.6875,838599,0.0,0
2021-01-14,79843.06389870435,82233.57479387514,79843.06389870435,81181.75,954548,0.0,0
2021-01-15,81946.7099443856,82424.81210275424,78886.85613082627,78982.4765625,836534,0.0,0
2021-01-18,77452.54986066879,78217.5133160828,73723.35301552548,75062.0390625,1161683,0.0,0
2021-01-19,74583.94020885679,76496.3489321608,73245.25410254397,76113.8671875,911568,0.0,0
2021-01-20,76783.20880954283,76783.20880954283,73914.59577805306,74775.1796875,881604,0.0,0
2021-01-21,74775.18039052597,75540.143872782,74201.45777883397,75444.5234375,577287,0.0,0
2021-01-22,75635.76484577397,75635.76484577397,73818.9765625,73818.9765625,654252,0.0,0
2021-01-25,73245.25085589172,75253.2799263535,72671.52826433121,75062.0390625,618711,0.0,0
2021-01-26,75540.14033942559,75731.3812010444,73245.25,73245.25,555941,0.0,0
2021-01-27,73245.25449089403,74010.21798427153,72193.4296875,72193.4296875,551104,0.0,0
2021-01-28,71237.22186646175,72002.1853227459,69133.57236168033,69994.15625,920668,0.0,0
2021-01-29,70472.2649167847,70567.88535764873,66934.30860481586,67508.03125,870175,0.0,0
2021-02-01,66934.30347711268,69229.19388204227,66551.82174295775,67890.5078125,605805,0.0,0
2021-02-02,68272.99035493826,70281.01948302469,67890.50861625513,69707.296875,552526,0.0,0
2021-02-03,70472.25827907986,70472.25827907986,68751.09050564237,68846.7109375,487003,0.0,0
2021-02-04,68942.33454517326,68942.33454517326,67125.54625618811,67603.6484375,545180,0.0,0
2021-02-05,67986.13347623606,68846.71744428968,67412.41083086698,68655.4765625,328362,0.0,0
2021-02-08,68942.3320903542,70281.01815036108,68081.7481946355,69516.0546875,510509,0.0,0
2021-02-09,69707.29555321527,70089.77728464581,68751.09122463893,69516.0546875,429410,0.0,0
2021-02-10,69516.05590786262,69516.05590786262,68368.61069342747,68559.8515625,583701,0.0,0
2021-02-15,69324.81322575136,70185.39711407103,68846.71106557376,69994.15625,482774,0.0,0
2021-02-16,70950.36190820843,70950.36190820843,69898.53713598433,70185.3984375,433822,0.0,0
2021-02-17,70089.77704874674,73914.59435017903,69707.29531860352,73436.4921875,957165,0.0,0
2021-02-18,73627.73292824074,74105.83509011244,72193.42644262567,72289.046875,618022,0.0,0
2021-02-19,72480.29099751655,72671.53187086093,69898.53920736755,72193.4296875,603760,0.0,0
2021-02-22,72480.28682753166,75922.62234968354,72289.04596518989,75540.140625,1218533,0.0,0
2021-02-23,76496.35012919897,76687.59100452196,73818.977874677,74010.21875,752981,0.0,0
2021-02-24,74583.93712197582,75635.76187626009,70759.11983366936,71141.6015625,775554,0.0,0
2021-02-25,72097.80932203389,73914.59762059973,71715.32757496739,73340.875,435155,0.0,0
2021-02-26,72097.809875,73532.11643750001,71141.6055,71715.328125,694499,0.0,0
2021-03-02,72862.77228156888,75444.52405532525,72480.29053730867,74966.421875,828000,0.0,0
2021-03-03,74392.69545094937,75731.38148734177,74297.07501977848,75540.140625,454724,0.0,0
2021-03-04,76018.24997006706,76113.87041028097,74105.84116578863,74870.8046875,505712,0.0,0
2021-03-05,74488.31730021765,77452.55072294775,74010.21513526118,76878.828125,1145550,0.0,0
2021-03-08,77452.55660377358,78026.27924528302,76018.25,76018.25,469094,0.0,0
2021-03-09,77165.6888230068,77930.65228097962,75731.38233930779,77356.9296875,681122,0.0,0
2021-03-10,76591.96753622072,78217.5149121455,76018.24493295315,77548.171875,438570,0.0,0
2021-03-11,77930.65412468514,78886.8584697733,75731.38413098236,75922.625,873391,0.0,0
2021-03-12,76018.24730223042,76209.48817594672,74297.0794387837,74488.3203125,569995,0.0,0
2021-03-15,74870.80022040302,75922.625,74297.07761335012,75922.625,311769,0.0,0
2021-03-16,75540.143872782,76113.86648447401,75062.04169637199,75444.5234375,328389,0.0,0
2021-03-17,75540.14779874214,76113.87044025157,74488.32295597484,76018.25,262441,0.0,0
2021-03-18,75922.6235576923,76113.86442307691,74583.9375,74583.9375,445032,0.0,0
2021-03-19,74966.42107843136,75253.28238357842,73149.6328125,73149.6328125,745638,0.0,0
2021-03-22,73436.4935064935,74392.69784902598,72767.15046672078,73627.734375,328453,0.0,0
2021-03-23,74105.83912606628,74392.70043881235,72767.15299991799,72862.7734375,301860,0.0,0
2021-03-24,72575.91338721741,73054.01558344414,71810.94987325465,71906.5703125,348476,0.0,0
2021-03-25,71906.56514550265,72862.76946924604,71428.46298363096,72289.046875,235573,0.0,0
2021-03-26,72862.77220288213,74583.9400501943,72575.91089499676,73818.9765625,377861,0.0,0
2021-03-29,74201.46154479579,74297.08198493083,72002.19142168973,72575.9140625,422645,0.0,0
2021-03-30,73149.63676364943,75157.66600814176,72767.15500279375,74870.8046875,436039,0.0,0
2021-03-31,74870.80337708067,75827.00776248399,74392.701184379,74679.5625,320396,0.0,0
2021-04-01,74297.07680443549,75348.90157258065,73818.97463709678,74105.8359375,211759,0.0,0
2021-04-02,73914.59961944266,74966.42445231958,73914.59961944266,74201.4609375,219290,0.0,0
2021-04-05,74010.21490384615,74583.9375,73818.97403846153,74583.9375,132493,0.0,0
2021-04-06,74488.31767137097,74775.17897177419,73723.35420362903,74105.8359375,261570,0.0,0
2021-04-07,74105.83918766149,74775.18225129199,73818.977874677,74010.21875,212050,0.0,0
2021-04-08,74297.0754770375,75062.03893111255,73914.59375,73914.59375,272230,0.0,0
2021-04-09,73914.59762059973,74105.83849413299,73149.63412646674,73340.875,253911,0.0,0
2021-04-12,73436.4947368421,73723.35604440789,72384.66994243421,72671.53125,308432,0.0,0
2021-04-13,72767.15237940026,74010.21805736635,72671.53194263364,73340.875,302371,0.0,0
2021-04-14,73149.63249263338,77835.03378954716,73054.01205800248,77070.0703125,896786,0.0,0
2021-04-15,77070.06766287408,77356.92895690462,76209.48378078242,76687.5859375,387387,0.0,0
2021-04-16,76974.45119121287,78313.13729888614,76400.72857363861,77261.3125,455858,0.0,0
2021-04-19,77356.93100724414,78121.89447826757,76974.44927173243,77548.171875,378464,0.0,0
2021-04-20,77548.17518248175,80512.40875912408,77548.17518248175,78600.0,646656,0.0,0
2021-04-21,78313.1346198694,78313.1346198694,76305.10552705223,76878.828125,462955,0.0,0
2021-04-22,77070.0717035061,78886.85999428354,76974.45126714939,78408.7578125,433687,0.0,0
2021-04-23,78408.76042930825,79460.58526433556,77548.17647337682,78791.2421875,320821,0.0,0
2021-04-26,80321.16607773851,83094.15871613662,80034.30477031802,81181.75,1024537,0.0,0
2021-04-27,83667.88197015699,83859.12284323164,79651.82363558946,80703.6484375,1036122,0.0,0
2021-04-28,81181.74929483373,83094.15799435867,79651.82233521379,80512.40625,910762,0.0,0
2021-04-29,81181.7491999247,81564.23093938253,79173.72006777108,79364.9609375,558159,0.0,0
2021-04-30,79364.96414091188,80321.16852815177,78026.277998776,78121.8984375,543996,0.0,0
2021-05-03,80416.78329963234,85006.56403492646,79269.33811580882,81277.3671875,1849657,0.0,0
2021-05-04,82329.19848983255,83667.88464413876,78982.483104067,79938.6875,776386,0.0,0
2021-05-06,80703.64601417824,82998.53642216435,80416.78471317998,82616.0546875,796827,0.0,0
2021-05-07,82998.53642216435,83094.15685583044,81755.4707845052,82616.0546875,430169,0.0,0
2021-05-10,82520.43547826404,82616.05591334894,81086.12895199063,81659.8515625,602680,0.0,0
2021-05-11,81659.8554869186,82616.05988372094,80799.27152979652,82233.578125,570957,0.0,0
2021-05-12,81851.09564506539,82424.81827809155,79556.20511296076,80416.7890625,585213,0.0,0
2021-05-13,79364.96306488992,84145.98493626883,79173.72219003476,82520.4375,1334035,0.0,0
2021-05-14,83859.12220259127,83859.12220259127,80608.027385159,81181.75,599282,0.0,0
2021-05-17,81181.74938707553,82233.57417300936,80799.26764673594,81659.8515625,400611,0.0,0
2021-05-18,82042.33400479093,82807.29749201509,81659.85226117885,82329.1953125,319364,0.0,0
2021-05-20,81468.61130742049,82137.95435806831,80512.40694935217,81181.75,359672,0.0,0
2021-05-21,81181.74991599462,81851.09296594982,79364.9616375448,80034.3046875,436598,0.0,0
2021-05-24,80034.30216346153,81181.74735576923,79556.2,80799.265625,247700,0.0,0
2021-05-25,80416.78712788803,81277.37105672393,79843.0645086641,80703.6484375,349464,0.0,0
2021-05-26,80512.40887263593,81086.13150118204,80416.78843454491,80894.890625,230560,0.0,0
2021-05-27,80321.16394927536,81181.74784873189,79078.09831672706,79173.71875,627701,0.0,0
2021-05-28,79651.82356144831,80034.30530724158,78982.4805063101,79556.203125,215554,0.0,0
2021-05-31,79747.44014767304,80608.02403415872,79460.5788521778,80129.921875,288866,0.0,0
2021-06-01,80034.30276227678,80512.40492931548,79460.58016183035,80321.1640625,270794,0.0,0
2021-06-02,80225.54443757277,82233.57355937138,79938.68313445868,82137.953125,590100,0.0,0
2021-06-03,81564.23369163711,81946.71544400118,80703.64974881797,80894.890625,368708,0.0,0
2021-06-04,80608.0234375,81277.36645536772,80512.40300637603,80608.0234375,235581,0.0,0
2021-06-07,80703.64773745519,80894.88860887097,79460.58207325268,80034.3046875,318505,0.0,0
2021-06-08,79843.0670604067,80703.65101674641,79651.8261812201,79938.6875,248453,0.0,0
2021-06-09,79938.68416666666,80321.16590909091,78886.859375,78886.859375,339089,0.0,0
2021-06-10,78886.86062116564,78982.4810582822,77930.65625,77930.65625,468209,0.0,0
2021-06-11,78121.89519025061,78504.37692924817,77835.03388600245,78217.515625,304589,0.0,0
2021-06-14,78121.89314547282,78217.51357771941,76974.4479585136,77356.9296875,273200,0.0,0
2021-06-15,77356.93487965838,77930.65751164596,76687.5918090062,76974.453125,330608,0.0,0
2021-06-16,76878.83206018517,78217.51819058642,76783.21162229938,77452.5546875,288527,0.0,0
2021-06-17,78026.27863300493,78886.86258851601,77070.07423799261,77643.796875,394082,0.0,0
2021-06-18,77165.69463867188,77261.315078125,76496.35156250001,76496.3515625,451014,0.0,0
2021-06-21,76018.24997006706,76113.87041028097,74583.94336685824,74870.8046875,478247,0.0,0
2021-06-22,75540.14326196474,76209.48630352644,75253.28195843828,75922.625,186419,0.0,0
2021-06-23,75731.38221455457,76209.484375,75348.90048619824,76209.484375,272452,0.0,0
2021-06-24,75827.0078125,76400.73044412043,75635.76693529318,75827.0078125,281828,0.0,0
2021-06-25,76018.24622347786,77930.65493350246,76018.24622347786,77739.4140625,430585,0.0,0
2021-06-28,77548.17127182904,78121.89387063419,77070.06910615809,78026.2734375,224692,0.0,0
2021-06-29,77643.79683593751,77643.79683593751,76496.35156250001,76496.3515625,306848,0.0,0
2021-06-30,76496.35025062656,76783.21156406641,76209.4889371867,76305.109375,220934,0.0,0
2021-07-01,76113.86454387626,76496.34627525252,75635.76237965593,75731.3828125,235241,0.0,0
2021-07-02,75827.00324534407,76400.72584240846,75444.5215139678,75731.3828125,168966,0.0,0
2021-07-05,75922.62367818813,76400.72584240846,75540.14194681187,75731.3828125,162288,0.0,0
2021-07-06,75731.38148734177,76113.86321202532,75348.89976265823,75540.140625,205014,0.0,0
2021-07-07,75157.66009615385,75253.28052884615,74392.69663461538,74583.9375,359726,0.0,0
2021-07-08,75157.66597762646,75635.76817850194,73723.359375,73723.359375,405612,0.0,0
2021-07-09,72958.38990162038,73723.35336061509,71428.46298363096,72289.046875,600067,0.0,0
2021-07-12,72671.53453307392,74488.32289640077,72671.53453307392,73723.359375,262959,0.0,0
2021-07-13,74297.07680443549,74679.55853830646,74105.8359375,74105.8359375,324842,0.0,0
2021-07-14,74105.8371629902,74201.45759803921,72862.77150735294,73149.6328125,244409,0.0,0
2021-07-15,73245.25587207414,74010.21937987646,72862.77411817297,73532.1171875,253077,0.0,0
2021-07-16,73245.25072768434,74297.0754770375,73054.00986416558,73914.59375,214233,0.0,0
2021-07-19,73149.6334292763,73532.11517269736,72575.91081414474,72671.53125,232885,0.0,0
2021-07-20,72097.80925082782,72480.29099751655,71715.32750413907,72193.4296875,279407,0.0,0
2021-07-21,72384.66730737434,73245.2511987434,72193.42644262567,72289.046875,237544,0.0,0
2021-07-22,72193.42597833117,74105.83461351876,72097.80554657179,73914.59375,306820,0.0,0
2021-07-23,73436.4921875,74010.21478271484,72958.39002482095,73436.4921875,162475,0.0,0
2021-07-26,73532.1158009106,73627.73623758278,72193.4296875,72193.4296875,254577,0.0,0
2021-07-27,72671.52860449736,72958.38990162038,72097.80601025133,72289.046875,174633,0.0,0
2021-07-28,72575.90757432654,73054.00973226018,72097.8054163929,72767.1484375,257331,0.0,0
2021-07-29,72575.91150586701,73436.49543676662,72480.29106910038,73340.875,186931,0.0,0
2021-07-30,72671.52727122015,73149.62942432029,72097.8046875,72097.8046875,282221,0.0,0
2021-08-02,72767.15036485817,72862.77079897757,72002.18689190302,72480.2890625,188303,0.0,0
2021-08-03,72002.19079270288,73340.87694289922,71810.9499141034,73054.015625,278936,0.0,0
2021-08-04,72767.15367969767,74201.46025682705,72767.15367969767,73532.1171875,281523,0.0,0
2021-08-05,73245.25524870801,74966.42312661499,73054.01437338501,74010.21875,390721,0.0,0
2021-08-06,74392.69784902598,74870.80002029221,73340.87307224025,73627.734375,179854,0.0,0
2021-08-09,73818.97850292588,74105.83981835176,73054.01499512355,73532.1171875,250456,0.0,0
2021-08-10,74583.93933823529,74775.18020833333,72767.15107230392,73149.6328125,290183,0.0,0
2021-08-11,73532.11786203286,74583.9426949098,73149.63610462306,74201.4609375,292147,0.0,0
2021-08-12,74583.93933823529,75062.04151348039,73149.6328125,73149.6328125,378773,0.0,0
2021-08-13,73245.2551878281,73914.59825090224,72193.43037442587,72862.7734375,421482,0.0,0
2021-08-17,72862.77470495345,74010.2199758976,71715.3294340093,71906.5703125,502276,0.0,0
2021-08-18,72097.80588457662,72289.04674899194,70472.25853704638,71141.6015625,459463,0.0,0
2021-08-19,70663.50382498266,70663.50382498266,68942.3359375,68942.3359375,506721,0.0,0
2021-08-20,69037.95498143564,69420.43672648515,67125.54625618811,67603.6484375,492615,0.0,0
2021-08-23,67890.5111173717,69516.05856666088,67890.5111173717,68942.3359375,297947,0.0,0
2021-08-24,69229.19350473613,71045.98173207037,69037.95263870095,70663.5,350241,0.0,0
2021-08-25,71141.60349190283,71237.22392670377,70089.77870909244,70854.7421875,220053,0.0,0
2021-08-26,71141.60675675675,72384.67246621622,70281.02280405405,70759.125,374228,0.0,0
2021-08-27,70759.12437080537,71237.2265625,70567.88349412751,71237.2265625,221772,0.0,0
2021-08-30,71524.08451123978,71619.70494507834,70089.77800366144,70185.3984375,191797,0.0,0
2021-08-31,69802.9199874161,71237.2265625,68846.71560402685,71237.2265625,374557,0.0,0
2021-09-01,70472.26044829622,71237.22392670377,70376.64001349527,70854.7421875,158168,0.0,0
2021-09-02,70854.7435018506,71428.46612129878,70472.26175555181,71045.984375,266629,0.0,0
2021-09-03,71141.60288203754,71810.94591990617,70950.36201407507,71332.84375,226599,0.0,0
2021-09-06,71332.84830990629,71715.33007028112,70759.12566934404,71428.46875,171471,0.0,0
2021-09-07,71045.98113029235,71428.46285912298,70663.4994014617,71141.6015625,125998,0.0,0
2021-09-08,70567.88478915663,71906.57095046854,70567.88478915663,71428.46875,272429,0.0,0
2021-09-09,70950.36057035519,71332.84229849727,69898.53581796448,69994.15625,362607,0.0,0
2021-09-10,70089.77608760177,70472.2578125,69802.9147939281,70472.2578125,158217,0.0,0
2021-09-13,69898.5403734652,70472.26300306957,69516.05862039563,70089.78125,247684,0.0,0
2021-09-14,70376.642,72193.4303125,70376.642,71715.328125,312809,0.0,0
2021-09-15,70854.7421875,71619.70566590755,70854.7421875,70854.7421875,174754,0.0,0
2021-09-16,70854.74342724009,71141.6047366621,69898.5390625,69898.5390625,223861,0.0,0
2021-09-17,69802.92056576237,69898.54100489354,69324.81837010646,69611.6796875,284784,0.0,0
2021-09-23,69133.57876697423,69133.57876697423,68081.75391713092,68655.4765625,282708,0.0,0
2021-09-24,69229.1953125,70089.77923213052,68942.33400595648,69229.1953125,203196,0.0,0
2021-09-27,68751.09313492748,69707.29749007251,68655.47269941297,69229.1953125,178607,0.0,0
2021-09-28,69324.81841216216,71237.22719594595,69229.19797297296,70759.125,425848,0.0,0
2021-09-29,70185.39904835391,71045.98296039095,69516.05600565844,69707.296875,373355,0.0,0
2021-09-30,69516.05540063011,70281.01887133854,69324.814532953,70185.3984375,214378,0.0,0
2021-10-01,69324.8150387901,69898.53764600768,68177.36982435496,68559.8515625,318981,0.0,0
2021-10-05,67986.13087578781,69133.57612263654,67316.78781512605,68272.9921875,341383,0.0,0
2021-10-06,68559.854857057,70759.12495707418,68272.99353966345,69611.6796875,537332,0.0,0
2021-10-07,69707.29555321527,70376.63858321871,69420.43425464237,69516.0546875,201456,0.0,0
2021-10-08,69516.05456730768,69611.675,68177.36850961538,68368.609375,316934,0.0,0
2021-10-12,67699.26609985529,67890.50696454414,65499.99615593343,66073.71875,670061,0.0,0
2021-10-13,65978.10287210983,66551.82550578035,65404.3802384393,66169.34375,327437,0.0,0
2021-10-14,66264.95842992153,67125.54230563481,66264.95842992153,67029.921875,236949,0.0,0
2021-10-15,67508.03125,68655.47654036827,67125.54948654391,67508.03125,241427,0.0,0
2021-10-18,67508.02994051846,67699.27081853693,66838.68686745384,67316.7890625,217602,0.0,0
2021-10-19,67699.26887376238,68081.75061881189,67125.54625618811,67603.6484375,125048,0.0,0
2021-10-20,67794.89257259207,67986.13345432011,67316.79036827196,67508.03125,149050,0.0,0
2021-10-21,67508.02607834508,68272.98954665494,67316.78521126762,67890.5078125,173468,0.0,0
2021-10-22,67508.02994051846,68081.75257457387,66934.30730646307,67316.7890625,171997,0.0,0
2021-10-25,66934.30730646307,67603.6503795277,66360.58467240767,67316.7890625,217055,0.0,0
2021-10-26,67794.88931002475,67794.88931002475,67125.54625618811,67603.6484375,131318,0.0,0
2021-10-27,67699.26683381089,67794.88726719198,66647.44206661891,66743.0625,222574,0.0,0
2021-10-28,66743.061776411,66838.68220875543,66073.71875,66073.71875,318771,0.0,0
2021-10-29,66264.96344492942,66647.4451964153,64352.5546875,64352.5546875,482420,0.0,0
2021-11-01,64830.656905835785,65213.13865749263,64639.416030007356,64926.27734375,189814,0.0,0
2021-11-02,64926.27737226277,66264.96350364963,64926.27737226277,65500.0,198067,0.0,0
2021-11-03,65595.61713005515,65882.47842945771,64639.41279871323,65021.89453125,182857,0.0,0
2021-11-04,65595.61779552129,65786.8586637298,65021.89519089574,65117.515625,176818,0.0,0
2021-11-05,65404.37758889297,65691.23889410742,64735.034543392605,65213.13671875,209529,0.0,0
2021-11-08,65117.515625,65499.99736141703,64352.55215216593,65117.515625,175270,0.0,0
2021-11-09,65117.516900156945,65882.48038797083,64735.03515625,64735.03515625,167464,0.0,0
2021-11-10,64639.41274109792,65213.135339391694,64161.31057585312,64448.171875,187180,0.0,0
2021-11-11,64161.312417014415,64161.312417014415,62822.62631591426,63013.8671875,416597,0.0,0
2021-11-12,63109.48766447368,63778.83071546052,62918.24679276315,63587.58984375,252535,0.0,0
2021-11-15,63587.58918486446,63970.07092432229,63109.487010542165,63491.96875,364525,0.0,0
2021-11-16,63300.72792677238,64256.9322761194,63109.48705690298,64065.69140625,209123,0.0,0
2021-11-17,63970.07154542868,64352.553288600146,62727.00588012139,63013.8671875,373096,0.0,0
2021-11-18,62727.00712634823,62822.627564040835,61866.42318711479,62057.6640625,288070,0.0,0
2021-11-19,62631.38602551119,62631.38602551119,61197.079475308645,61962.04296875,396401,0.0,0
2021-11-22,61962.04239377845,63396.34893067147,61675.18108639985,63013.8671875,289572,0.0,0
2021-11-23,63109.485696752265,64735.03305560801,63013.8652638784,63300.7265625,309899,0.0,0
2021-11-24,64065.69264914773,64448.174396306815,62535.765660511366,63109.48828125,318634,0.0,0
2021-11-25,62727.00451228878,62918.2453797043,61770.80017521121,62248.90234375,235758,0.0,0
2021-11-26,61962.04087677725,62248.9021771327,60145.25264119273,60527.734375,435488,0.0,0
2021-11-29,59284.67187500001,59667.15362903226,58519.70836693549,59284.671875,475952,0.0,0
2021-11-30,59093.42821122492,59380.289513221156,56607.29692725753,57181.01953125,886536,0.0,0
2021-12-01,57467.88226891181,59380.29099666262,57085.40052336165,59093.4296875,3885866,0.0,0
2021-12-02,59475.91044120441,63013.86652854294,58328.465223689214,62918.24609375,727439,0.0,0
2021-12-03,62918.24548689668,63587.588523991326,61962.041148190045,63396.34765625,295077,0.0,0
2021-12-06,63205.108100328944,64065.69202302631,63109.48766447368,63587.58984375,264969,0.0,0
2021-12-07,63587.58988450075,64639.41467958272,63205.10814083458,64161.3125,296365,0.0,0
2021-12-08,64639.41467958272,65021.89642324889,64065.69206408346,64161.3125,262955,0.0,0
2021-12-09,64065.69271995908,64543.794904436385,63587.590535481766,64256.93359375,428498,0.0,0
2021-12-10,64448.17512537147,64735.03643898588,63874.452498142644,64352.5546875,210793,0.0,0
2021-12-13,64352.55210069444,65691.23817708333,64065.690798611104,64543.79296875,274527,0.0,0
2021-12-14,64543.79230804896,64926.2740402448,64065.69014280415,64448.171875,167908,0.0,0
2021-12-15,64543.7936274963,64830.654932507394,64256.932322485205,64639.4140625,134468,0.0,0
2021-12-16,64926.27536751109,65021.89580251479,64352.5527574889,64639.4140625,156079,0.0,0
2021-12-17,64543.79432421303,65499.998684571736,64448.17388817715,65308.7578125,305244,0.0,0
2021-12-20,65021.895755597005,65308.75706040111,64065.69140624999,64065.69140625,246086,0.0,0
2021-12-21,64926.277314728824,64926.277314728824,64065.69337388559,64352.5546875,190851,0.0,0
2021-12-22,64352.55403064546,64639.41534133184,63778.831409272694,64256.93359375,207312,0.0,0
2021-12-23,64256.934249628524,64448.17512537147,63874.452498142644,64352.5546875,190419,0.0,0
2021-12-24,64543.794284296535,64926.27602820347,64448.1738483198,64735.03515625,184301,0.0,0
2021-12-27,64830.656905835785,65021.89778166421,64639.416030007356,64926.27734375,288995,0.0,0
2021-12-28,65117.518248175176,65499.99999999999,64543.79562043795,65500.0,518395,0.0,0
2021-12-29,66000.0,66300.0,65200.0,65300.0,542192,3000.0,0
2021-12-30,65100.0,65400.0,64100.0,64100.0,299529,0.0,0
2022-01-04,63900.0,64900.0,63700.0,64800.0,234268,0.0,0
2022-01-05,64500.0,66700.0,64500.0,65700.0,490227,0.0,0
2022-01-06,65800.0,66600.0,65300.0,65400.0,300328,0.0,0
2022-01-07,65100.0,65900.0,64600.0,65800.0,273976,0.0,0
2022-01-10,65200.0,67800.0,65200.0,67400.0,417413,0.0,0
2022-01-11,66600.0,67500.0,66200.0,66700.0,282121,0.0,0
2022-01-12,66900.0,67700.0,66700.0,67600.0,242691,0.0,0
2022-01-13,67300.0,68000.0,66900.0,67600.0,353358,0.0,0
2022-01-14,67500.0,67500.0,65600.0,66500.0,474413,0.0,0
2022-01-17,66600.0,67000.0,65900.0,66100.0,243280,0.0,0
2022-01-18,66600.0,66800.0,65200.0,65400.0,168392,0.0,0
2022-01-19,65700.0,66800.0,65100.0,66100.0,207822,0.0,0
2022-01-20,66100.0,66600.0,64500.0,64700.0,258947,0.0,0
2022-01-21,64100.0,65200.0,63700.0,65200.0,210496,0.0,0
2022-01-24,65600.0,65800.0,63200.0,63800.0,247115,0.0,0
2022-01-25,63400.0,63600.0,60800.0,61500.0,425561,0.0,0
2022-01-26,61500.0,61500.0,61500.0,61500.0,0,0.0,0
2022-01-27,61500.0,61900.0,59300.0,59700.0,390401,0.0,0
2022-01-28,60100.0,60900.0,59000.0,60400.0,309142,0.0,0
2022-02-03,60900.0,63300.0,60900.0,62400.0,292280,0.0,0
2022-02-04,62700.0,63700.0,62400.0,63400.0,200782,0.0,0
2022-02-07,63000.0,63900.0,62600.0,63900.0,291383,0.0,0
2022-02-08,63900.0,63900.0,63900.0,63900.0,0,0.0,0
2022-02-09,63900.0,63900.0,63900.0,63900.0,0,0.0,0
2022-02-10,64400.0,65200.0,64200.0,64900.0,517494,0.0,0
2022-02-11,64500.0,64900.0,64000.0,64400.0,251457,0.0,0
2022-02-14,63900.0,64000.0,62500.0,62700.0,218864,0.0,0
2022-02-15,62500.0,63100.0,61700.0,62100.0,175992,0.0,0
2022-02-16,62600.0,63900.0,62500.0,63800.0,169778,0.0,0
2022-02-17,63900.0,64400.0,63000.0,63900.0,206255,0.0,0
2022-02-18,63700.0,64500.0,63000.0,64400.0,192927,0.0,0
2022-02-21,64400.0,64400.0,64400.0,64400.0,0,0.0,0
2022-02-22,64400.0,64400.0,64400.0,64400.0,0,0.0,0
2022-02-23,64400.0,64400.0,64400.0,64400.0,0,0.0,0
2022-02-24,60800.0,61100.0,59900.0,60000.0,343839,0.0,0
2022-02-25,60500.0,60600.0,59800.0,60100.0,293033,0.0,0
2022-02-28,60100.0,60100.0,60100.0,60100.0,0,0.0,0
2022-03-02,59500.0,60500.0,59400.0,60100.0,367268,0.0,0
2022-03-03,60500.0,61400.0,60500.0,61300.0,217201,0.0,0
2022-03-04,61300.0,61300.0,61300.0,61300.0,0,0.0,0
2022-03-07,59700.0,60000.0,58800.0,59000.0,274905,0.0,0
2022-03-08,58400.0,58900.0,58000.0,58500.0,266560,0.0,0
2022-03-10,58500.0,58500.0,58500.0,58500.0,0,0.0,0
2022-03-11,59200.0,59800.0,58900.0,59800.0,135840,0.0,0
2022-03-14,59400.0,60300.0,59400.0,60000.0,160231,0.0,0
2022-03-15,59800.0,60300.0,59300.0,59800.0,193398,0.0,0
2022-03-16,60100.0,61200.0,59500.0,61200.0,221832,0.0,0
2022-03-17,61700.0,62600.0,61700.0,62300.0,349375,0.0,0
2022-03-18,61700.0,62700.0,61500.0,62600.0,319653,0.0,0
2022-03-21,62700.0,63000.0,61800.0,62100.0,161690,0.0,0
